policy,profile,initialCoins,sessionMinutes,actionMs,tiles,session,cost,gapMinutes,activeMinutes,coinsAfter,reserveRequired
paced-flat,crops,20,15,2500,5,3,6000,37.625,37.625,344,160
paced-flat,crops,20,15,2500,6,5,6000,29.875,67.5,584,192
paced-flat,crops,20,15,2500,7,7,6000,30.20833333333333,97.70833333333333,2072,224
paced-flat,crops,20,15,2500,8,8,6000,15.166666666666671,112.875,440,256
paced-flat,crops,20,15,2500,9,12,20000,65.29166666666666,178.16666666666666,4408,522
paced-flat,crops,20,15,2500,10,14,20000,30.125,208.29166666666666,4640,580
paced-flat,crops,20,15,5000,5,4,6000,45.5,45.5,316,100
paced-flat,crops,20,15,5000,6,6,6000,30.08333333333333,75.58333333333333,876,192
paced-flat,crops,20,15,5000,7,7,6000,23.25,98.83333333333333,492,224
paced-flat,crops,20,15,5000,8,9,6000,22,120.83333333333333,1044,256
paced-flat,crops,20,15,5000,9,13,20000,60.08333333333333,180.91666666666666,1012,522
paced-flat,crops,20,30,2500,5,2,6000,37.625,37.625,344,160
paced-flat,crops,20,30,2500,6,3,6000,29.91666666666667,67.54166666666667,584,192
paced-flat,crops,20,30,2500,7,4,6000,30.166666666666657,97.70833333333333,2072,224
paced-flat,crops,20,30,2500,8,4,6000,15.333333333333343,113.04166666666667,440,256
paced-flat,crops,20,30,2500,9,7,20000,67.41666666666667,180.45833333333334,4408,522
paced-flat,crops,20,30,2500,10,8,20000,42.833333333333314,223.29166666666666,4640,580
paced-flat,crops,20,30,2500,11,9,20000,30.125,253.41666666666666,1500,638
paced-flat,crops,20,30,2500,12,10,20000,43.12500000000003,296.5416666666667,6228,696
paced-flat,crops,20,30,2500,13,14,60000,94.125,390.6666666666667,8916,988
paced-flat,crops,20,30,5000,5,2,6000,47.75,47.75,316,100
paced-flat,crops,20,30,5000,6,3,6000,36.33333333333333,84.08333333333333,1500,192
paced-flat,crops,20,30,5000,7,4,6000,22.833333333333343,106.91666666666667,1116,224
paced-flat,crops,20,30,5000,8,5,6000,22.16666666666667,129.08333333333334,1668,256
paced-flat,crops,20,30,5000,9,7,20000,65.25,194.33333333333334,3020,522
paced-flat,crops,20,30,5000,10,8,20000,43.833333333333314,238.16666666666666,3368,580
paced-flat,crops,20,30,5000,11,10,20000,32.83333333333334,271,5286,638
paced-flat,crops,20,30,5000,12,11,20000,29.833333333333314,300.8333333333333,964,696
paced-flat,crops,20,30,5000,13,14,60000,107,407.8333333333333,1194,988
paced-flat,crops,20,60,2500,5,1,6000,42.958333333333336,42.958333333333336,344,160
paced-flat,crops,20,60,2500,6,2,6000,24.791666666666664,67.75,584,192
paced-flat,crops,20,60,2500,7,2,6000,30.25,98,2072,224
paced-flat,crops,20,60,2500,8,2,6000,15.333333333333329,113.33333333333333,440,256
paced-flat,crops,20,60,2500,9,4,20000,67.12500000000001,180.45833333333334,4408,522
paced-flat,crops,20,60,2500,10,4,20000,51.25,231.70833333333334,4640,580
paced-flat,crops,20,60,2500,11,5,20000,34.58333333333334,266.2916666666667,1500,638
paced-flat,crops,20,60,2500,12,6,20000,47.29166666666663,313.5833333333333,6228,696
paced-flat,crops,20,60,2500,13,8,60000,107.08333333333337,420.6666666666667,8916,988
paced-flat,crops,20,60,2500,14,9,60000,92.29166666666669,512.9583333333334,6948,1064
paced-flat,crops,20,60,2500,15,11,60000,87.79166666666663,600.75,9444,1140
paced-flat,crops,20,60,2500,16,12,60000,76.33333333333337,677.0833333333334,5244,1216
paced-flat,crops,20,60,2500,17,13,60000,76.54166666666663,753.625,4764,1292
paced-flat,crops,20,60,2500,18,14,60000,76.66666666666663,830.2916666666666,8004,1368
paced-flat,crops,20,60,5000,5,1,6000,51.166666666666664,51.166666666666664,316,100
paced-flat,crops,20,60,5000,6,2,6000,33.166666666666664,84.33333333333333,876,192
paced-flat,crops,20,60,5000,7,2,6000,24.41666666666667,108.75,492,224
paced-flat,crops,20,60,5000,8,3,6000,20.333333333333343,129.08333333333334,1044,256
paced-flat,crops,20,60,5000,9,4,20000,73.08333333333331,202.16666666666666,3020,522
paced-flat,crops,20,60,5000,10,5,20000,52.416666666666686,254.58333333333334,4492,580
paced-flat,crops,20,60,5000,11,5,20000,41.41666666666666,296,1352,638
paced-flat,crops,20,60,5000,12,6,20000,47,343,6080,696
paced-flat,crops,20,60,5000,13,8,60000,111.58333333333331,454.5833333333333,6584,988
paced-flat,crops,20,60,5000,14,10,60000,86.83333333333331,541.4166666666666,4616,1064
paced-flat,crops,20,60,5000,15,11,60000,94.91666666666674,636.3333333333334,7112,1140
paced-flat,crops,20,60,5000,16,12,60000,78,714.3333333333334,2912,1216
paced-flat,crops,20,60,5000,17,14,60000,67.41666666666663,781.75,2432,1292
paced-flat,crops,250,15,2500,5,3,6000,37.625,37.625,574,160
paced-flat,crops,250,15,2500,6,5,6000,29.875,67.5,814,192
paced-flat,crops,250,15,2500,7,7,6000,22.66666666666667,90.16666666666667,430,224
paced-flat,crops,250,15,2500,8,8,6000,22.791666666666657,112.95833333333333,982,256
paced-flat,crops,250,15,2500,9,12,20000,65.20833333333333,178.16666666666666,4950,522
paced-flat,crops,250,15,2500,10,14,20000,30.125,208.29166666666666,5182,580
paced-flat,crops,250,15,5000,5,4,6000,45.5,45.5,546,100
paced-flat,crops,250,15,5000,6,6,6000,30.08333333333333,75.58333333333333,1106,192
paced-flat,crops,250,15,5000,7,7,6000,23.25,98.83333333333333,722,224
paced-flat,crops,250,15,5000,8,9,6000,22,120.83333333333333,1274,256
paced-flat,crops,250,15,5000,9,13,20000,60.08333333333333,180.91666666666666,1242,522
paced-flat,crops,250,30,2500,5,2,6000,37.625,37.625,574,160
paced-flat,crops,250,30,2500,6,3,6000,29.91666666666667,67.54166666666667,814,192
paced-flat,crops,250,30,2500,7,4,6000,22.625,90.16666666666667,430,224
paced-flat,crops,250,30,2500,8,4,6000,22.95833333333333,113.125,982,256
paced-flat,crops,250,30,2500,9,7,20000,67.33333333333334,180.45833333333334,4950,522
paced-flat,crops,250,30,2500,10,8,20000,42.833333333333314,223.29166666666666,5182,580
paced-flat,crops,250,30,2500,11,9,20000,30.125,253.41666666666666,2042,638
paced-flat,crops,250,30,2500,12,10,20000,43.12500000000003,296.5416666666667,6770,696
paced-flat,crops,250,30,2500,13,14,60000,94.125,390.6666666666667,9458,988
paced-flat,crops,250,30,5000,5,2,6000,47.75,47.75,546,100
paced-flat,crops,250,30,5000,6,3,6000,36.33333333333333,84.08333333333333,1730,192
paced-flat,crops,250,30,5000,7,4,6000,22.833333333333343,106.91666666666667,1346,224
paced-flat,crops,250,30,5000,8,5,6000,22.16666666666667,129.08333333333334,1898,256
paced-flat,crops,250,30,5000,9,7,20000,65.25,194.33333333333334,3250,522
paced-flat,crops,250,30,5000,10,8,20000,43.833333333333314,238.16666666666666,3598,580
paced-flat,crops,250,30,5000,11,10,20000,32.83333333333334,271,5516,638
paced-flat,crops,250,30,5000,12,11,20000,29.833333333333314,300.8333333333333,1194,696
paced-flat,crops,250,30,5000,13,14,60000,107,407.8333333333333,1424,988
paced-flat,crops,250,60,2500,5,1,6000,42.958333333333336,42.958333333333336,574,160
paced-flat,crops,250,60,2500,6,2,6000,24.791666666666664,67.75,814,192
paced-flat,crops,250,60,2500,7,2,6000,22.70833333333333,90.45833333333333,430,224
paced-flat,crops,250,60,2500,8,2,6000,22.958333333333343,113.41666666666667,982,256
paced-flat,crops,250,60,2500,9,4,20000,67.04166666666667,180.45833333333334,4950,522
paced-flat,crops,250,60,2500,10,4,20000,51.25,231.70833333333334,5182,580
paced-flat,crops,250,60,2500,11,5,20000,34.58333333333334,266.2916666666667,2042,638
paced-flat,crops,250,60,2500,12,6,20000,47.29166666666663,313.5833333333333,6770,696
paced-flat,crops,250,60,2500,13,8,60000,107.08333333333337,420.6666666666667,9458,988
paced-flat,crops,250,60,2500,14,9,60000,92.29166666666669,512.9583333333334,7490,1064
paced-flat,crops,250,60,2500,15,11,60000,87.79166666666663,600.75,9986,1140
paced-flat,crops,250,60,2500,16,12,60000,76.33333333333337,677.0833333333334,5786,1216
paced-flat,crops,250,60,2500,17,13,60000,76.54166666666663,753.625,5306,1292
paced-flat,crops,250,60,2500,18,14,60000,76.66666666666663,830.2916666666666,8546,1368
paced-flat,crops,250,60,5000,5,1,6000,51.166666666666664,51.166666666666664,546,100
paced-flat,crops,250,60,5000,6,2,6000,33.166666666666664,84.33333333333333,1106,192
paced-flat,crops,250,60,5000,7,2,6000,24.41666666666667,108.75,722,224
paced-flat,crops,250,60,5000,8,3,6000,20.333333333333343,129.08333333333334,1274,256
paced-flat,crops,250,60,5000,9,4,20000,73.08333333333331,202.16666666666666,3250,522
paced-flat,crops,250,60,5000,10,5,20000,52.416666666666686,254.58333333333334,4722,580
paced-flat,crops,250,60,5000,11,5,20000,41.41666666666666,296,1582,638
paced-flat,crops,250,60,5000,12,6,20000,47,343,6310,696
paced-flat,crops,250,60,5000,13,8,60000,111.58333333333331,454.5833333333333,6814,988
paced-flat,crops,250,60,5000,14,10,60000,86.83333333333331,541.4166666666666,4846,1064
paced-flat,crops,250,60,5000,15,11,60000,94.91666666666674,636.3333333333334,7342,1140
paced-flat,crops,250,60,5000,16,12,60000,78,714.3333333333334,3142,1216
paced-flat,crops,250,60,5000,17,14,60000,67.41666666666663,781.75,2662,1292
paced-flat,orders,20,15,2500,5,3,6000,37.5,37.5,651,160
paced-flat,orders,20,15,2500,6,5,6000,22.833333333333336,60.333333333333336,1458,348
paced-flat,orders,20,15,2500,7,6,6000,15.124999999999993,75.45833333333333,1799,406
paced-flat,orders,20,15,2500,8,7,6000,15,90.45833333333333,3247,464
paced-flat,orders,20,15,2500,9,10,20000,45.125000000000014,135.58333333333334,3677,684
paced-flat,orders,20,15,2500,10,13,20000,44.958333333333314,180.54166666666666,3662,760
paced-flat,orders,20,15,5000,5,3,6000,40.75,40.75,231,160
paced-flat,orders,20,15,5000,6,5,6000,32.83333333333333,73.58333333333333,1123,348
paced-flat,orders,20,15,5000,7,6,6000,15.416666666666671,89,2181,406
paced-flat,orders,20,15,5000,8,7,6000,14.833333333333329,103.83333333333333,1730,464
paced-flat,orders,20,15,5000,9,11,20000,47.16666666666667,151,5482,684
paced-flat,orders,20,15,5000,10,14,20000,45.25,196.25,5484,760
paced-flat,orders,20,30,2500,5,2,6000,37.708333333333336,37.708333333333336,664,160
paced-flat,orders,20,30,2500,6,3,6000,34.62499999999999,72.33333333333333,802,348
paced-flat,orders,20,30,2500,7,4,6000,18.125,90.45833333333333,3148,406
paced-flat,orders,20,30,2500,8,4,6000,12.708333333333343,103.16666666666667,1079,464
paced-flat,orders,20,30,2500,9,6,20000,47.41666666666667,150.58333333333334,2746,684
paced-flat,orders,20,30,2500,10,7,20000,45.833333333333314,196.41666666666666,2726,760
paced-flat,orders,20,30,2500,11,9,20000,44.25,240.66666666666666,4965,836
paced-flat,orders,20,30,2500,12,10,20000,30.041666666666657,270.7083333333333,1270,912
paced-flat,orders,20,30,2500,13,13,60000,106.20833333333337,376.9166666666667,3556,988
paced-flat,orders,20,30,5000,5,2,6000,40.75,40.75,231,160
paced-flat,orders,20,30,5000,6,3,6000,32.83333333333333,73.58333333333333,1123,348
paced-flat,orders,20,30,5000,7,4,6000,17,90.58333333333333,2181,406
paced-flat,orders,20,30,5000,8,4,6000,26.5,117.08333333333333,4008,464
paced-flat,orders,20,30,5000,9,6,20000,50.250000000000014,167.33333333333334,4301,684
paced-flat,orders,20,30,5000,10,8,20000,43.91666666666666,211.25,5943,760
paced-flat,orders,20,30,5000,11,9,20000,46.25,257.5,4880,836
paced-flat,orders,20,30,5000,12,10,20000,30.416666666666686,287.9166666666667,1180,912
paced-flat,orders,20,30,5000,13,14,60000,103.66666666666663,391.5833333333333,6274,988
paced-flat,orders,20,60,2500,5,1,6000,42.375,42.375,651,160
paced-flat,orders,20,60,2500,6,2,6000,18.041666666666664,60.416666666666664,605,348
paced-flat,orders,20,60,2500,7,2,6000,25.083333333333336,85.5,1259,406
paced-flat,orders,20,60,2500,8,2,6000,25,110.5,2419,464
paced-flat,orders,20,60,2500,9,3,20000,57.33333333333334,167.83333333333334,5425,684
paced-flat,orders,20,60,2500,10,4,20000,44.54166666666666,212.375,5432,760
paced-flat,orders,20,60,2500,11,5,20000,44.166666666666686,256.5416666666667,7720,836
paced-flat,orders,20,60,2500,12,5,20000,32.208333333333314,288.75,4049,912
paced-flat,orders,20,60,2500,13,7,60000,104.25,393,6314,988
paced-flat,orders,20,60,2500,14,9,60000,87.66666666666669,480.6666666666667,3930,1064
paced-flat,orders,20,60,2500,15,10,60000,92.74999999999994,573.4166666666666,5989,1140
paced-flat,orders,20,60,2500,16,11,60000,76.5,649.9166666666666,1394,1216
paced-flat,orders,20,60,2500,17,13,60000,87.41666666666674,737.3333333333334,12154,1292
paced-flat,orders,20,60,2500,18,14,60000,60.41666666666663,797.75,2297,1368
paced-flat,orders,20,60,5000,5,1,6000,41.75,41.75,182,160
paced-flat,orders,20,60,5000,6,2,6000,32,73.75,1611,348
paced-flat,orders,20,60,5000,7,2,6000,26.16666666666667,99.91666666666667,2314,406
paced-flat,orders,20,60,5000,8,3,6000,21,120.91666666666667,4008,464
paced-flat,orders,20,60,5000,9,3,20000,59.08333333333333,180,1020,684
paced-flat,orders,20,60,5000,10,4,20000,51,231,4456,760
paced-flat,orders,20,60,5000,11,5,20000,41.5,272.5,1455,836
paced-flat,orders,20,60,5000,12,6,20000,28.916666666666686,301.4166666666667,4236,912
paced-flat,orders,20,60,5000,13,7,60000,111.83333333333331,413.25,6198,988
paced-flat,orders,20,60,5000,14,9,60000,85.91666666666669,499.1666666666667,3566,1064
paced-flat,orders,20,60,5000,15,10,60000,94.99999999999994,594.1666666666666,5474,1140
paced-flat,orders,20,60,5000,16,12,60000,85.25,679.4166666666666,11295,1216
paced-flat,orders,20,60,5000,17,13,60000,76.41666666666674,755.8333333333334,1974,1292
paced-flat,orders,20,60,5000,18,14,60000,80.25,836.0833333333334,12709,1368
paced-flat,orders,250,15,2500,5,3,6000,36.583333333333336,36.583333333333336,205,160
paced-flat,orders,250,15,2500,6,5,6000,23.75,60.333333333333336,2000,348
paced-flat,orders,250,15,2500,7,6,6000,15.124999999999993,75.45833333333333,2341,406
paced-flat,orders,250,15,2500,8,7,6000,15,90.45833333333333,3789,464
paced-flat,orders,250,15,2500,9,10,20000,45.125000000000014,135.58333333333334,4219,684
paced-flat,orders,250,15,2500,10,13,20000,44.958333333333314,180.54166666666666,4204,760
paced-flat,orders,250,15,5000,5,3,6000,39.083333333333336,39.083333333333336,348,160
paced-flat,orders,250,15,5000,6,5,6000,34.49999999999999,73.58333333333333,1353,348
paced-flat,orders,250,15,5000,7,6,6000,15.416666666666671,89,2411,406
paced-flat,orders,250,15,5000,8,7,6000,14.833333333333329,103.83333333333333,1960,464
paced-flat,orders,250,15,5000,9,11,20000,47.16666666666667,151,5712,684
paced-flat,orders,250,15,5000,10,14,20000,45.25,196.25,5714,760
paced-flat,orders,250,30,2500,5,2,6000,37.708333333333336,37.708333333333336,894,160
paced-flat,orders,250,30,2500,6,3,6000,34.416666666666664,72.125,424,348
paced-flat,orders,250,30,2500,7,4,6000,18.33333333333333,90.45833333333333,3378,406
paced-flat,orders,250,30,2500,8,4,6000,12.708333333333343,103.16666666666667,1309,464
paced-flat,orders,250,30,2500,9,6,20000,47.41666666666667,150.58333333333334,2976,684
paced-flat,orders,250,30,2500,10,7,20000,45.833333333333314,196.41666666666666,2956,760
paced-flat,orders,250,30,2500,11,9,20000,44.25,240.66666666666666,5195,836
paced-flat,orders,250,30,2500,12,10,20000,30.041666666666657,270.7083333333333,1500,912
paced-flat,orders,250,30,2500,13,13,60000,106.20833333333337,376.9166666666667,3786,988
paced-flat,orders,250,30,5000,5,2,6000,39.083333333333336,39.083333333333336,348,160
paced-flat,orders,250,30,5000,6,3,6000,34.333333333333336,73.41666666666667,1829,348
paced-flat,orders,250,30,5000,7,4,6000,17.5,90.91666666666667,2315,406
paced-flat,orders,250,30,5000,8,4,6000,26.666666666666657,117.58333333333333,4093,464
paced-flat,orders,250,30,5000,9,6,20000,49.750000000000014,167.33333333333334,4531,684
paced-flat,orders,250,30,5000,10,8,20000,43.91666666666666,211.25,6173,760
paced-flat,orders,250,30,5000,11,9,20000,30.083333333333343,241.33333333333334,990,836
paced-flat,orders,250,30,5000,12,10,20000,46.24999999999997,287.5833333333333,1339,912
paced-flat,orders,250,30,5000,13,14,60000,104,391.5833333333333,7248,988
paced-flat,orders,250,60,2500,5,1,6000,41.458333333333336,41.458333333333336,205,160
paced-flat,orders,250,60,2500,6,2,6000,18.95833333333333,60.416666666666664,835,348
paced-flat,orders,250,60,2500,7,2,6000,25.083333333333336,85.5,1489,406
paced-flat,orders,250,60,2500,8,2,6000,25,110.5,2649,464
paced-flat,orders,250,60,2500,9,3,20000,56.625,167.125,740,684
paced-flat,orders,250,60,2500,10,4,20000,45.25,212.375,5662,760
paced-flat,orders,250,60,2500,11,5,20000,44.166666666666686,256.5416666666667,7950,836
paced-flat,orders,250,60,2500,12,5,20000,32.208333333333314,288.75,4279,912
paced-flat,orders,250,60,2500,13,7,60000,104.25,393,6544,988
paced-flat,orders,250,60,2500,14,9,60000,87.66666666666669,480.6666666666667,4160,1064
paced-flat,orders,250,60,2500,15,10,60000,92.74999999999994,573.4166666666666,6219,1140
paced-flat,orders,250,60,2500,16,11,60000,76.5,649.9166666666666,1624,1216
paced-flat,orders,250,60,2500,17,13,60000,87.41666666666674,737.3333333333334,12384,1292
paced-flat,orders,250,60,2500,18,14,60000,60.41666666666663,797.75,2527,1368
paced-flat,orders,250,60,5000,5,1,6000,41.75,41.75,412,160
paced-flat,orders,250,60,5000,6,2,6000,32,73.75,1841,348
paced-flat,orders,250,60,5000,7,2,6000,26.16666666666667,99.91666666666667,2544,406
paced-flat,orders,250,60,5000,8,3,6000,21,120.91666666666667,4238,464
paced-flat,orders,250,60,5000,9,3,20000,59.08333333333333,180,1250,684
paced-flat,orders,250,60,5000,10,4,20000,51,231,4686,760
paced-flat,orders,250,60,5000,11,5,20000,27.333333333333314,258.3333333333333,914,836
paced-flat,orders,250,60,5000,12,6,20000,43.08333333333337,301.4166666666667,5210,912
paced-flat,orders,250,60,5000,13,7,60000,111.83333333333331,413.25,7172,988
paced-flat,orders,250,60,5000,14,9,60000,85.91666666666669,499.1666666666667,4540,1064
paced-flat,orders,250,60,5000,15,10,60000,94.99999999999994,594.1666666666666,6448,1140
paced-flat,orders,250,60,5000,16,12,60000,85.25,679.4166666666666,12269,1216
paced-flat,orders,250,60,5000,17,13,60000,76.41666666666674,755.8333333333334,2948,1292
paced-flat,orders,250,60,5000,18,14,60000,77.58333333333326,833.4166666666666,1388,1368
paced-flat,combined-current,20,15,2500,5,3,6000,43.083333333333336,43.083333333333336,1901,290
paced-flat,combined-current,20,15,2500,6,4,6000,15.041666666666664,58.125,1122,348
paced-flat,combined-current,20,15,2500,7,6,6000,17.58333333333333,75.70833333333333,4177,532
paced-flat,combined-current,20,15,2500,8,7,6000,15.166666666666671,90.875,4088,608
paced-flat,combined-current,20,15,2500,9,10,20000,44.95833333333334,135.83333333333334,4019,684
paced-flat,combined-current,20,15,2500,10,13,20000,45.125,180.95833333333334,6199,760
paced-flat,combined-current,20,15,5000,5,4,6000,46.25,46.25,2342,290
paced-flat,combined-current,20,15,5000,6,5,6000,27.75,74,2917,456
paced-flat,combined-current,20,15,5000,7,6,6000,13.666666666666671,87.66666666666667,541,532
paced-flat,combined-current,20,15,5000,8,8,6000,18.916666666666657,106.58333333333333,5565,608
paced-flat,combined-current,20,15,5000,9,11,20000,45.08333333333333,151.66666666666666,4886,684
paced-flat,combined-current,20,15,5000,10,14,20000,45.08333333333334,196.75,6439,760
paced-flat,combined-current,20,30,2500,5,2,6000,43.083333333333336,43.083333333333336,1901,290
paced-flat,combined-current,20,30,2500,6,3,6000,17.666666666666664,60.75,2217,456
paced-flat,combined-current,20,30,2500,7,3,6000,15.625,76.375,1287,532
paced-flat,combined-current,20,30,2500,8,4,6000,14.5,90.875,1278,608
paced-flat,combined-current,20,30,2500,9,5,20000,45.79166666666666,136.66666666666666,1129,684
paced-flat,combined-current,20,30,2500,10,7,20000,44.25,180.91666666666666,3200,760
paced-flat,combined-current,20,30,2500,11,8,20000,45.875,226.79166666666666,7440,836
paced-flat,combined-current,20,30,2500,12,9,20000,30.12500000000003,256.9166666666667,5122,912
paced-flat,combined-current,20,30,2500,13,12,60000,90.29166666666663,347.2083333333333,2632,988
paced-flat,combined-current,20,30,5000,5,2,6000,49.166666666666664,49.166666666666664,521,290
paced-flat,combined-current,20,30,5000,6,3,6000,26.000000000000007,75.16666666666667,2953,456
paced-flat,combined-current,20,30,5000,7,4,6000,16.416666666666657,91.58333333333333,2101,532
paced-flat,combined-current,20,30,5000,8,4,6000,17.333333333333343,108.91666666666667,1995,608
paced-flat,combined-current,20,30,5000,9,6,20000,42.91666666666667,151.83333333333334,1123,684
paced-flat,combined-current,20,30,5000,10,7,20000,48.083333333333314,199.91666666666666,2713,760
paced-flat,combined-current,20,30,5000,11,9,20000,41.916666666666686,241.83333333333334,6326,836
paced-flat,combined-current,20,30,5000,12,10,20000,30.24999999999997,272.0833333333333,3587,912
paced-flat,combined-current,20,30,5000,13,13,60000,106.16666666666669,378.25,3405,988
paced-flat,combined-current,20,60,2500,5,1,6000,45.5,45.5,1990,290
paced-flat,combined-current,20,60,2500,6,2,6000,15.25,60.75,2167,456
paced-flat,combined-current,20,60,2500,7,2,6000,15.625,76.375,1237,532
paced-flat,combined-current,20,60,2500,8,2,6000,16.25,92.625,1040,608
paced-flat,combined-current,20,60,2500,9,3,20000,44.04166666666666,136.66666666666666,1004,684
paced-flat,combined-current,20,60,2500,10,4,20000,44.291666666666686,180.95833333333334,2922,760
paced-flat,combined-current,20,60,2500,11,4,20000,46.458333333333314,227.41666666666666,1281,836
paced-flat,combined-current,20,60,2500,12,5,20000,29.62500000000003,257.0416666666667,4880,912
paced-flat,combined-current,20,60,2500,13,6,60000,93.08333333333331,350.125,2163,988
paced-flat,combined-current,20,60,2500,14,8,60000,87,437.125,3451,1064
paced-flat,combined-current,20,60,2500,15,9,60000,93.16666666666663,530.2916666666666,6646,1140
paced-flat,combined-current,20,60,2500,16,11,60000,70.95833333333337,601.25,8390,1216
paced-flat,combined-current,20,60,2500,17,12,60000,76.79166666666663,678.0416666666666,10995,1292
paced-flat,combined-current,20,60,2500,18,13,60000,60.29166666666674,738.3333333333334,3829,1368
paced-flat,combined-current,20,60,5000,5,1,6000,47.75,47.75,337,290
paced-flat,combined-current,20,60,5000,6,2,6000,26.75,74.5,2726,348
paced-flat,combined-current,20,60,5000,7,2,6000,17.41666666666667,91.91666666666667,1005,532
paced-flat,combined-current,20,60,5000,8,2,6000,16,107.91666666666667,631,608
paced-flat,combined-current,20,60,5000,9,3,20000,47.499999999999986,155.41666666666666,1702,684
paced-flat,combined-current,20,60,5000,10,4,20000,43,198.41666666666666,1397,760
paced-flat,combined-current,20,60,5000,11,5,20000,43.58333333333334,242,6850,836
paced-flat,combined-current,20,60,5000,12,5,20000,36.333333333333314,278.3333333333333,4455,912
paced-flat,combined-current,20,60,5000,13,7,60000,99.91666666666669,378.25,4870,988
paced-flat,combined-current,20,60,5000,14,8,60000,95.16666666666669,473.4166666666667,5192,1064
paced-flat,combined-current,20,60,5000,15,10,60000,68.24999999999994,541.6666666666666,2948,1140
paced-flat,combined-current,20,60,5000,16,11,60000,94.83333333333337,636.5,1583,1216
paced-flat,combined-current,20,60,5000,17,12,60000,76.58333333333337,713.0833333333334,1572,1292
paced-flat,combined-current,20,60,5000,18,14,60000,69.25,782.3333333333334,10259,1368
paced-flat,combined-current,250,15,2500,5,3,6000,43.041666666666664,43.041666666666664,2109,290
paced-flat,combined-current,250,15,2500,6,4,6000,15.083333333333336,58.125,1330,348
paced-flat,combined-current,250,15,2500,7,6,6000,17.58333333333333,75.70833333333333,4385,532
paced-flat,combined-current,250,15,2500,8,7,6000,15.166666666666671,90.875,4296,608
paced-flat,combined-current,250,15,2500,9,10,20000,44.95833333333334,135.83333333333334,4227,684
paced-flat,combined-current,250,15,2500,10,13,20000,45.125,180.95833333333334,6407,760
paced-flat,combined-current,250,15,5000,5,3,6000,39.833333333333336,39.833333333333336,418,290
paced-flat,combined-current,250,15,5000,6,5,6000,20.916666666666664,60.75,985,348
paced-flat,combined-current,250,15,5000,7,6,6000,15.416666666666671,76.16666666666667,1247,532
paced-flat,combined-current,250,15,5000,8,7,6000,15.583333333333329,91.75,1119,608
paced-flat,combined-current,250,15,5000,9,10,20000,58,149.75,956,684
paced-flat,combined-current,250,15,5000,10,13,20000,31.833333333333343,181.58333333333334,1324,760
paced-flat,combined-current,250,30,2500,5,2,6000,43.083333333333336,43.083333333333336,2109,290
paced-flat,combined-current,250,30,2500,6,3,6000,17.666666666666664,60.75,2425,456
paced-flat,combined-current,250,30,2500,7,3,6000,15.625,76.375,1495,532
paced-flat,combined-current,250,30,2500,8,4,6000,14.5,90.875,1486,608
paced-flat,combined-current,250,30,2500,9,5,20000,45.79166666666666,136.66666666666666,1337,684
paced-flat,combined-current,250,30,2500,10,7,20000,44.166666666666686,180.83333333333334,3447,760
paced-flat,combined-current,250,30,2500,11,8,20000,46.083333333333314,226.91666666666666,7762,836
paced-flat,combined-current,250,30,2500,12,9,20000,30.12500000000003,257.0416666666667,5444,912
paced-flat,combined-current,250,30,2500,13,12,60000,90.16666666666663,347.2083333333333,2954,988
paced-flat,combined-current,250,30,5000,5,2,6000,39.75,39.75,418,290
paced-flat,combined-current,250,30,5000,6,3,6000,21.75,61.5,889,348
paced-flat,combined-current,250,30,5000,7,4,6000,29.91666666666667,91.41666666666667,3858,532
paced-flat,combined-current,250,30,5000,8,4,6000,16.25,107.66666666666667,1768,608
paced-flat,combined-current,250,30,5000,9,6,20000,43.499999999999986,151.16666666666666,2558,684
paced-flat,combined-current,250,30,5000,10,7,20000,48,199.16666666666666,4204,760
paced-flat,combined-current,250,30,5000,11,9,20000,42.666666666666686,241.83333333333334,7704,836
paced-flat,combined-current,250,30,5000,12,10,20000,30.24999999999997,272.0833333333333,4965,912
paced-flat,combined-current,250,30,5000,13,13,60000,90,362.0833333333333,1253,988
paced-flat,combined-current,250,60,2500,5,1,6000,43.416666666666664,43.416666666666664,311,290
paced-flat,combined-current,250,60,2500,6,2,6000,17.333333333333336,60.75,1799,456
paced-flat,combined-current,250,60,2500,7,2,6000,15.625,76.375,869,532
paced-flat,combined-current,250,60,2500,8,2,6000,16.16666666666667,92.54166666666667,670,608
paced-flat,combined-current,250,60,2500,9,3,20000,57.45833333333333,150,733,684
paced-flat,combined-current,250,60,2500,10,4,20000,30.958333333333343,180.95833333333334,1540,760
paced-flat,combined-current,250,60,2500,11,4,20000,48.29166666666666,229.25,5742,836
paced-flat,combined-current,250,60,2500,12,5,20000,27.791666666666686,257.0416666666667,3498,912
paced-flat,combined-current,250,60,2500,13,7,60000,104.08333333333331,361.125,10241,988
paced-flat,combined-current,250,60,2500,14,8,60000,76.125,437.25,1325,1064
paced-flat,combined-current,250,60,2500,15,9,60000,93.04166666666663,530.2916666666666,4175,1140
paced-flat,combined-current,250,60,2500,16,11,60000,70.95833333333337,601.25,5919,1216
paced-flat,combined-current,250,60,2500,17,12,60000,76.79166666666663,678.0416666666666,8524,1292
paced-flat,combined-current,250,60,2500,18,13,60000,76.91666666666674,754.9583333333334,14810,1368
paced-flat,combined-current,250,60,5000,5,1,6000,51.333333333333336,51.333333333333336,2305,290
paced-flat,combined-current,250,60,5000,6,2,6000,23.999999999999993,75.33333333333333,2744,456
paced-flat,combined-current,250,60,5000,7,2,6000,16.333333333333343,91.66666666666667,1684,532
paced-flat,combined-current,250,60,5000,8,2,6000,18.416666666666657,110.08333333333333,1159,608
paced-flat,combined-current,250,60,5000,9,3,20000,45.41666666666667,155.5,703,684
paced-flat,combined-current,250,60,5000,10,4,20000,42.41666666666666,197.91666666666666,1402,760
paced-flat,combined-current,250,60,5000,11,5,20000,43.916666666666686,241.83333333333334,5263,836
paced-flat,combined-current,250,60,5000,12,5,20000,36.49999999999997,278.3333333333333,2419,912
paced-flat,combined-current,250,60,5000,13,7,60000,99.91666666666669,378.25,2342,988
paced-flat,combined-current,250,60,5000,14,8,60000,95.08333333333331,473.3333333333333,2578,1064
paced-flat,combined-current,250,60,5000,15,10,60000,84.66666666666669,558,2014,1140
paced-flat,combined-current,250,60,5000,16,11,60000,82.66666666666663,640.6666666666666,6825,1216
paced-flat,combined-current,250,60,5000,17,12,60000,77.58333333333337,718.25,3960,1292
paced-flat,combined-current,250,60,5000,18,14,60000,64,782.25,3025,1368
paced-flat,combined-premium20,20,15,2500,5,3,6000,43.083333333333336,43.083333333333336,2045,290
paced-flat,combined-premium20,20,15,2500,6,4,6000,15.041666666666664,58.125,1346,456
paced-flat,combined-premium20,20,15,2500,7,5,6000,12.666666666666671,70.79166666666667,548,532
paced-flat,combined-premium20,20,15,2500,8,6,6000,15.208333333333329,86,693,608
paced-flat,combined-premium20,20,15,2500,9,9,20000,45.54166666666666,131.54166666666666,805,684
paced-flat,combined-premium20,20,15,2500,10,12,20000,34.33333333333334,165.875,2758,760
paced-flat,combined-premium20,20,15,5000,5,3,6000,44.75,44.75,379,290
paced-flat,combined-premium20,20,15,5000,6,5,6000,26.33333333333333,71.08333333333333,467,456
paced-flat,combined-premium20,20,15,5000,7,6,6000,5.583333333333343,76.66666666666667,1357,532
paced-flat,combined-premium20,20,15,5000,8,7,6000,15,91.66666666666667,1159,608
paced-flat,combined-premium20,20,15,5000,9,10,20000,56.33333333333333,148,1026,684
paced-flat,combined-premium20,20,15,5000,10,13,20000,33.83333333333334,181.83333333333334,2417,760
paced-flat,combined-premium20,20,30,2500,5,2,6000,43.083333333333336,43.083333333333336,1965,290
paced-flat,combined-premium20,20,30,2500,6,3,6000,17.666666666666664,60.75,2393,456
paced-flat,combined-premium20,20,30,2500,7,3,6000,15.625,76.375,1527,532
paced-flat,combined-premium20,20,30,2500,8,4,6000,14.5,90.875,1614,608
paced-flat,combined-premium20,20,30,2500,9,5,20000,45.79166666666666,136.66666666666666,1689,684
paced-flat,combined-premium20,20,30,2500,10,7,20000,44.166666666666686,180.83333333333334,4023,760
paced-flat,combined-premium20,20,30,2500,11,8,20000,41.958333333333314,222.79166666666666,885,836
paced-flat,combined-premium20,20,30,2500,12,9,20000,34.25000000000003,257.0416666666667,7132,912
paced-flat,combined-premium20,20,30,2500,13,12,60000,90.16666666666663,347.2083333333333,5074,988
paced-flat,combined-premium20,20,30,5000,5,2,6000,45.333333333333336,45.333333333333336,363,290
paced-flat,combined-premium20,20,30,5000,6,3,6000,15.916666666666664,61.25,408,348
paced-flat,combined-premium20,20,30,5000,7,4,6000,30.16666666666667,91.41666666666667,3369,532
paced-flat,combined-premium20,20,30,5000,8,4,6000,17.33333333333333,108.75,3343,608
paced-flat,combined-premium20,20,30,5000,9,6,20000,43.08333333333334,151.83333333333334,2679,684
paced-flat,combined-premium20,20,30,5000,10,7,20000,46.083333333333314,197.91666666666666,988,760
paced-flat,combined-premium20,20,30,5000,11,9,20000,43.916666666666686,241.83333333333334,8207,836
paced-flat,combined-premium20,20,30,5000,12,10,20000,30.24999999999997,272.0833333333333,5596,912
paced-flat,combined-premium20,20,30,5000,13,13,60000,90,362.0833333333333,2284,988
paced-flat,combined-premium20,20,60,2500,5,1,6000,45.5,45.5,1990,290
paced-flat,combined-premium20,20,60,2500,6,2,6000,15.25,60.75,2183,456
paced-flat,combined-premium20,20,60,2500,7,2,6000,15.625,76.375,1317,532
paced-flat,combined-premium20,20,60,2500,8,2,6000,16.25,92.625,1200,608
paced-flat,combined-premium20,20,60,2500,9,3,20000,44.04166666666666,136.66666666666666,1388,684
paced-flat,combined-premium20,20,60,2500,10,4,20000,44.291666666666686,180.95833333333334,3813,760
paced-flat,combined-premium20,20,60,2500,11,4,20000,46.29166666666666,227.25,1652,836
paced-flat,combined-premium20,20,60,2500,12,5,20000,29.791666666666686,257.0416666666667,6139,912
paced-flat,combined-premium20,20,60,2500,13,6,60000,93.08333333333331,350.125,3902,988
paced-flat,combined-premium20,20,60,2500,14,8,60000,87,437.125,5606,1064
paced-flat,combined-premium20,20,60,2500,15,9,60000,77.08333333333337,514.2083333333334,1347,1140
paced-flat,combined-premium20,20,60,2500,16,11,60000,87.04166666666663,601.25,11504,1216
paced-flat,combined-premium20,20,60,2500,17,12,60000,59.95833333333337,661.2083333333334,1751,1292
paced-flat,combined-premium20,20,60,2500,18,13,60000,76.25,737.4583333333334,3494,1368
paced-flat,combined-premium20,20,60,5000,5,1,6000,48.583333333333336,48.583333333333336,1444,290
paced-flat,combined-premium20,20,60,5000,6,2,6000,25.916666666666664,74.5,2085,456
paced-flat,combined-premium20,20,60,5000,7,2,6000,17.58333333333333,92.08333333333333,990,532
paced-flat,combined-premium20,20,60,5000,8,2,6000,16.25,108.33333333333333,1019,608
paced-flat,combined-premium20,20,60,5000,9,3,20000,54.33333333333333,162.66666666666666,716,684
paced-flat,combined-premium20,20,60,5000,10,4,20000,36.666666666666686,199.33333333333334,1977,760
paced-flat,combined-premium20,20,60,5000,11,5,20000,42.66666666666666,242,6035,836
paced-flat,combined-premium20,20,60,5000,12,5,20000,36.333333333333314,278.3333333333333,3800,912
paced-flat,combined-premium20,20,60,5000,13,7,60000,99.91666666666669,378.25,4663,988
paced-flat,combined-premium20,20,60,5000,14,8,60000,95.16666666666669,473.4166666666667,5417,1064
paced-flat,combined-premium20,20,60,5000,15,10,60000,68.24999999999994,541.6666666666666,3477,1140
paced-flat,combined-premium20,20,60,5000,16,11,60000,94.83333333333337,636.5,2544,1216
paced-flat,combined-premium20,20,60,5000,17,12,60000,76.58333333333337,713.0833333333334,2869,1292
paced-flat,combined-premium20,20,60,5000,18,13,60000,66.33333333333326,779.4166666666666,2006,1368
paced-flat,combined-premium20,250,15,2500,5,3,6000,42.458333333333336,42.458333333333336,405,290
paced-flat,combined-premium20,250,15,2500,6,4,6000,15.666666666666664,58.125,1554,456
paced-flat,combined-premium20,250,15,2500,7,5,6000,9.333333333333329,67.45833333333333,587,532
paced-flat,combined-premium20,250,15,2500,8,6,6000,16.79166666666667,84.25,626,608
paced-flat,combined-premium20,250,15,2500,9,9,20000,46.66666666666666,130.91666666666666,766,684
paced-flat,combined-premium20,250,15,2500,10,12,20000,34.95833333333334,165.875,2966,760
paced-flat,combined-premium20,250,15,5000,5,3,6000,39.166666666666664,39.166666666666664,314,290
paced-flat,combined-premium20,250,15,5000,6,4,6000,20.583333333333336,59.75,1040,348
paced-flat,combined-premium20,250,15,5000,7,7,6000,31.66666666666667,91.41666666666667,4792,532
paced-flat,combined-premium20,250,15,5000,8,8,6000,15.333333333333329,106.75,4744,608
paced-flat,combined-premium20,250,15,5000,9,11,20000,44.66666666666666,151.41666666666666,4348,684
paced-flat,combined-premium20,250,15,5000,10,14,20000,45.166666666666686,196.58333333333334,6184,760
paced-flat,combined-premium20,250,30,2500,5,2,6000,42.5,42.5,405,290
paced-flat,combined-premium20,250,30,2500,6,3,6000,18.25,60.75,2681,456
paced-flat,combined-premium20,250,30,2500,7,3,6000,15.625,76.375,1815,532
paced-flat,combined-premium20,250,30,2500,8,4,6000,14.5,90.875,1902,608
paced-flat,combined-premium20,250,30,2500,9,5,20000,45.79166666666666,136.66666666666666,1977,684
paced-flat,combined-premium20,250,30,2500,10,7,20000,44.166666666666686,180.83333333333334,4311,760
paced-flat,combined-premium20,250,30,2500,11,8,20000,40.79166666666666,221.625,1038,836
paced-flat,combined-premium20,250,30,2500,12,9,20000,35.458333333333314,257.0833333333333,7420,912
paced-flat,combined-premium20,250,30,2500,13,12,60000,90.125,347.2083333333333,5362,988
paced-flat,combined-premium20,250,30,5000,5,2,6000,39.083333333333336,39.083333333333336,298,290
paced-flat,combined-premium20,250,30,5000,6,3,6000,22.25,61.333333333333336,1058,348
paced-flat,combined-premium20,250,30,5000,7,4,6000,29.999999999999993,91.33333333333333,4171,532
paced-flat,combined-premium20,250,30,5000,8,4,6000,16.25,107.58333333333333,2145,608
paced-flat,combined-premium20,250,30,5000,9,6,20000,43.500000000000014,151.08333333333334,3127,684
paced-flat,combined-premium20,250,30,5000,10,7,20000,48.083333333333314,199.16666666666666,4997,760
paced-flat,combined-premium20,250,30,5000,11,8,20000,38.08333333333334,237.25,911,836
paced-flat,combined-premium20,250,30,5000,12,10,20000,34.833333333333314,272.0833333333333,6822,912
paced-flat,combined-premium20,250,30,5000,13,13,60000,90,362.0833333333333,3510,988
paced-flat,combined-premium20,250,60,2500,5,1,6000,42.75,42.75,304,290
paced-flat,combined-premium20,250,60,2500,6,2,6000,18.041666666666664,60.791666666666664,3202,456
paced-flat,combined-premium20,250,60,2500,7,2,6000,15.625000000000007,76.41666666666667,2336,532
paced-flat,combined-premium20,250,60,2500,8,2,6000,15.708333333333329,92.125,1189,608
paced-flat,combined-premium20,250,60,2500,9,3,20000,44.54166666666666,136.66666666666666,2407,684
paced-flat,combined-premium20,250,60,2500,10,4,20000,44.291666666666686,180.95833333333334,4832,760
paced-flat,combined-premium20,250,60,2500,11,4,20000,32.54166666666666,213.5,1148,836
paced-flat,combined-premium20,250,60,2500,12,5,20000,43.5,257,7301,912
paced-flat,combined-premium20,250,60,2500,13,6,60000,92.75,349.75,5269,988
paced-flat,combined-premium20,250,60,2500,14,8,60000,87.5,437.25,6376,1064
paced-flat,combined-premium20,250,60,2500,15,9,60000,76.70833333333337,513.9583333333334,1794,1140
paced-flat,combined-premium20,250,60,2500,16,10,60000,77.625,591.5833333333334,2001,1216
paced-flat,combined-premium20,250,60,2500,17,12,60000,69.70833333333326,661.2916666666666,4406,1292
paced-flat,combined-premium20,250,60,2500,18,13,60000,76.875,738.1666666666666,11060,1368
paced-flat,combined-premium20,250,60,5000,5,1,6000,49.5,49.5,379,290
paced-flat,combined-premium20,250,60,5000,6,2,6000,25.83333333333333,75.33333333333333,3016,456
paced-flat,combined-premium20,250,60,5000,7,2,6000,16.333333333333343,91.66666666666667,2020,532
paced-flat,combined-premium20,250,60,5000,8,2,6000,18.416666666666657,110.08333333333333,1575,608
paced-flat,combined-premium20,250,60,5000,9,3,20000,45.41666666666667,155.5,1327,684
paced-flat,combined-premium20,250,60,5000,10,4,20000,42.91666666666666,198.41666666666666,1214,760
paced-flat,combined-premium20,250,60,5000,11,5,20000,43.58333333333334,242,6875,836
paced-flat,combined-premium20,250,60,5000,12,5,20000,36.333333333333314,278.3333333333333,4640,912
paced-flat,combined-premium20,250,60,5000,13,7,60000,83.75,362.0833333333333,1004,988
paced-flat,combined-premium20,250,60,5000,14,8,60000,97.16666666666669,459.25,1322,1064
paced-flat,combined-premium20,250,60,5000,15,10,60000,82.41666666666663,541.6666666666666,5129,1140
paced-flat,combined-premium20,250,60,5000,16,11,60000,94.83333333333337,636.5,4196,1216
paced-flat,combined-premium20,250,60,5000,17,12,60000,74.33333333333337,710.8333333333334,2007,1292
paced-flat,combined-premium20,250,60,5000,18,13,60000,68.58333333333326,779.4166666666666,3658,1368
paced-flat,all-animals,20,15,2500,5,3,6000,44.25,44.25,2231,290
paced-flat,all-animals,20,15,2500,6,4,6000,13.041666666666664,57.291666666666664,464,456
paced-flat,all-animals,20,15,2500,7,5,6000,14.958333333333336,72.25,727,532
paced-flat,all-animals,20,15,2500,8,6,6000,9.458333333333329,81.70833333333333,769,608
paced-flat,all-animals,20,15,2500,9,9,20000,39.83333333333334,121.54166666666667,4155,684
paced-flat,all-animals,20,15,2500,10,11,20000,30.04166666666667,151.58333333333334,1309,760
paced-flat,all-animals,20,15,2500,11,13,20000,40.833333333333314,192.41666666666666,885,836
paced-flat,all-animals,20,15,5000,5,4,6000,47.5,47.5,2427,290
paced-flat,all-animals,20,15,5000,6,5,6000,15.083333333333336,62.583333333333336,785,456
paced-flat,all-animals,20,15,5000,7,6,6000,15.166666666666664,77.75,615,532
paced-flat,all-animals,20,15,5000,8,7,6000,15.166666666666671,92.91666666666667,1096,608
paced-flat,all-animals,20,15,5000,9,10,20000,45.08333333333333,138,3050,684
paced-flat,all-animals,20,15,5000,10,13,20000,45.08333333333334,183.08333333333334,7236,760
paced-flat,all-animals,20,30,2500,5,2,6000,43.083333333333336,43.083333333333336,369,290
paced-flat,all-animals,20,30,2500,6,2,6000,15.583333333333329,58.666666666666664,474,456
paced-flat,all-animals,20,30,2500,7,3,6000,14.625000000000007,73.29166666666667,614,532
paced-flat,all-animals,20,30,2500,8,3,6000,15.333333333333329,88.625,1344,608
paced-flat,all-animals,20,30,2500,9,5,20000,32.91666666666667,121.54166666666667,2923,684
paced-flat,all-animals,20,30,2500,10,6,20000,41.999999999999986,163.54166666666666,769,760
paced-flat,all-animals,20,30,2500,11,7,20000,34.20833333333334,197.75,6821,836
paced-flat,all-animals,20,30,2500,12,8,20000,30.083333333333343,227.83333333333334,6498,912
paced-flat,all-animals,20,30,2500,13,11,60000,90.12499999999997,317.9583333333333,9993,988
paced-flat,all-animals,20,30,2500,14,14,60000,73.83333333333337,391.7916666666667,6634,1064
paced-flat,all-animals,20,30,5000,5,2,6000,52.75,52.75,1384,290
paced-flat,all-animals,20,30,5000,6,3,6000,23.25,76,3100,456
paced-flat,all-animals,20,30,5000,7,4,6000,16.75,92.75,3149,532
paced-flat,all-animals,20,30,5000,8,4,6000,15.916666666666671,108.66666666666667,1048,608
paced-flat,all-animals,20,30,5000,9,6,20000,43.91666666666667,152.58333333333334,5194,684
paced-flat,all-animals,20,30,5000,10,7,20000,30.416666666666657,183,1030,760
paced-flat,all-animals,20,30,5000,11,8,20000,46.08333333333334,229.08333333333334,2930,836
paced-flat,all-animals,20,30,5000,12,9,20000,32.08333333333334,261.1666666666667,5235,912
paced-flat,all-animals,20,30,5000,13,12,60000,90.83333333333331,352,5955,988
paced-flat,all-animals,20,60,2500,5,1,6000,43.75,43.75,370,290
paced-flat,all-animals,20,60,2500,6,2,6000,17.625,61.375,3452,456
paced-flat,all-animals,20,60,2500,7,2,6000,15.666666666666671,77.04166666666667,3264,532
paced-flat,all-animals,20,60,2500,8,2,6000,15.75,92.79166666666667,2639,608
paced-flat,all-animals,20,60,2500,9,3,20000,41.249999999999986,134.04166666666666,743,684
paced-flat,all-animals,20,60,2500,10,3,20000,35.166666666666686,169.20833333333334,3551,760
paced-flat,all-animals,20,60,2500,11,4,20000,28.5,197.70833333333334,2454,836
paced-flat,all-animals,20,60,2500,12,4,20000,33.333333333333314,231.04166666666666,1152,912
paced-flat,all-animals,20,60,2500,13,6,60000,86.91666666666666,317.9583333333333,5151,988
paced-flat,all-animals,20,60,2500,14,7,60000,76.95833333333337,394.9166666666667,1715,1064
paced-flat,all-animals,20,60,2500,15,8,60000,78.375,473.2916666666667,2053,1140
paced-flat,all-animals,20,60,2500,16,10,60000,68.58333333333331,541.875,5252,1216
paced-flat,all-animals,20,60,2500,17,11,60000,76.625,618.5,12533,1292
paced-flat,all-animals,20,60,2500,18,12,60000,60.08333333333337,678.5833333333334,8473,1368
paced-flat,all-animals,20,60,2500,19,14,120000,119.875,798.4583333333334,6464,1444
paced-flat,all-animals,20,60,5000,5,1,6000,54.666666666666664,54.666666666666664,1771,290
paced-flat,all-animals,20,60,5000,6,2,6000,19.583333333333336,74.25,670,456
paced-flat,all-animals,20,60,5000,7,2,6000,21.33333333333333,95.58333333333333,2811,532
paced-flat,all-animals,20,60,5000,8,2,6000,14.75,110.33333333333333,787,608
paced-flat,all-animals,20,60,5000,9,3,20000,46.16666666666667,156.5,4446,684
paced-flat,all-animals,20,60,5000,10,4,20000,26.166666666666657,182.66666666666666,2313,760
paced-flat,all-animals,20,60,5000,11,4,20000,46.416666666666686,229.08333333333334,887,836
paced-flat,all-animals,20,60,5000,12,5,20000,31.916666666666657,261,4151,912
paced-flat,all-animals,20,60,5000,13,6,60000,99,360,3509,988
paced-flat,all-animals,20,60,5000,14,8,60000,95.41666666666669,455.4166666666667,2776,1064
paced-flat,all-animals,20,60,5000,15,10,60000,87.49999999999994,542.9166666666666,8165,1140
paced-flat,all-animals,20,60,5000,16,11,60000,81.91666666666674,624.8333333333334,3767,1216
paced-flat,all-animals,20,60,5000,17,12,60000,79.66666666666663,704.5,2316,1292
paced-flat,all-animals,20,60,5000,18,14,60000,78.66666666666663,783.1666666666666,11258,1368
paced-flat,all-animals,250,15,2500,5,3,6000,41.708333333333336,41.708333333333336,356,290
paced-flat,all-animals,250,15,2500,6,4,6000,13,54.708333333333336,496,456
paced-flat,all-animals,250,15,2500,7,5,6000,13.166666666666664,67.875,562,532
paced-flat,all-animals,250,15,2500,8,6,6000,8.541666666666671,76.41666666666667,1256,608
paced-flat,all-animals,250,15,2500,9,9,20000,45.125,121.54166666666667,4822,684
paced-flat,all-animals,250,15,2500,10,11,20000,30.04166666666667,151.58333333333334,1976,760
paced-flat,all-animals,250,15,2500,11,13,20000,38.5,190.08333333333334,903,836
paced-flat,all-animals,250,15,5000,5,4,6000,47.416666666666664,47.416666666666664,1913,290
paced-flat,all-animals,250,15,5000,6,5,6000,20.416666666666664,67.83333333333333,509,456
paced-flat,all-animals,250,15,5000,7,6,6000,19.083333333333343,86.91666666666667,594,532
paced-flat,all-animals,250,15,5000,8,7,6000,6,92.91666666666667,675,608
paced-flat,all-animals,250,15,5000,9,10,20000,45.08333333333333,138,2017,684
paced-flat,all-animals,250,15,5000,10,13,20000,45.08333333333334,183.08333333333334,6203,760
paced-flat,all-animals,250,30,2500,5,2,6000,43.291666666666664,43.291666666666664,373,290
paced-flat,all-animals,250,30,2500,6,2,6000,13.875,57.166666666666664,549,456
paced-flat,all-animals,250,30,2500,7,3,6000,15.041666666666664,72.20833333333333,537,532
paced-flat,all-animals,250,30,2500,8,3,6000,15.583333333333343,87.79166666666667,1422,608
paced-flat,all-animals,250,30,2500,9,5,20000,33.75,121.54166666666667,3035,684
paced-flat,all-animals,250,30,2500,10,6,20000,41.999999999999986,163.54166666666666,881,760
paced-flat,all-animals,250,30,2500,11,7,20000,34.20833333333334,197.75,6933,836
paced-flat,all-animals,250,30,2500,12,8,20000,30.083333333333343,227.83333333333334,6610,912
paced-flat,all-animals,250,30,2500,13,11,60000,90.12499999999997,317.9583333333333,10105,988
paced-flat,all-animals,250,30,2500,14,14,60000,73.83333333333337,391.7916666666667,6746,1064
paced-flat,all-animals,250,30,5000,5,2,6000,54,54,2234,290
paced-flat,all-animals,250,30,5000,6,3,6000,18.83333333333333,72.83333333333333,559,456
paced-flat,all-animals,250,30,5000,7,4,6000,19.41666666666667,92.25,4211,532
paced-flat,all-animals,250,30,5000,8,4,6000,15.916666666666671,108.16666666666667,2175,608
paced-flat,all-animals,250,30,5000,9,6,20000,44.749999999999986,152.91666666666666,6407,684
paced-flat,all-animals,250,30,5000,10,7,20000,30.083333333333343,183,2204,760
paced-flat,all-animals,250,30,5000,11,8,20000,46,229,3140,836
paced-flat,all-animals,250,30,5000,12,9,20000,30.166666666666686,259.1666666666667,1952,912
paced-flat,all-animals,250,30,5000,13,12,60000,90.08333333333331,349.25,1915,988
paced-flat,all-animals,250,60,2500,5,1,6000,43.875,43.875,531,290
paced-flat,all-animals,250,60,2500,6,2,6000,17.416666666666664,61.291666666666664,4280,456
paced-flat,all-animals,250,60,2500,7,2,6000,15.666666666666664,76.95833333333333,3187,532
paced-flat,all-animals,250,60,2500,8,2,6000,15.916666666666671,92.875,4389,608
paced-flat,all-animals,250,60,2500,9,3,20000,37.125,130,736,684
paced-flat,all-animals,250,60,2500,10,3,20000,39.20833333333334,169.20833333333334,2788,760
paced-flat,all-animals,250,60,2500,11,4,20000,28.125,197.33333333333334,2082,836
paced-flat,all-animals,250,60,2500,12,4,20000,32.708333333333314,230.04166666666666,1485,912
paced-flat,all-animals,250,60,2500,13,6,60000,87.70833333333334,317.75,4779,988
paced-flat,all-animals,250,60,2500,14,7,60000,77.45833333333331,395.2083333333333,2576,1064
paced-flat,all-animals,250,60,2500,15,8,60000,76.41666666666669,471.625,2537,1140
paced-flat,all-animals,250,60,2500,16,10,60000,70.16666666666663,541.7916666666666,6020,1216
paced-flat,all-animals,250,60,2500,17,11,60000,76.41666666666674,618.2083333333334,10998,1292
paced-flat,all-animals,250,60,2500,18,12,60000,60.45833333333326,678.6666666666666,9580,1368
paced-flat,all-animals,250,60,2500,19,14,120000,119.79166666666674,798.4583333333334,7571,1444
paced-flat,all-animals,250,60,5000,5,1,6000,49.416666666666664,49.416666666666664,672,290
paced-flat,all-animals,250,60,5000,6,2,6000,20.166666666666664,69.58333333333333,670,456
paced-flat,all-animals,250,60,5000,7,2,6000,16.583333333333343,86.16666666666667,541,532
paced-flat,all-animals,250,60,5000,8,2,6000,15.5,101.66666666666667,881,608
paced-flat,all-animals,250,60,5000,9,3,20000,40.41666666666667,142.08333333333334,1414,684
paced-flat,all-animals,250,60,5000,10,4,20000,40.5,182.58333333333334,5302,760
paced-flat,all-animals,250,60,5000,11,4,20000,38.66666666666666,221.25,3236,836
paced-flat,all-animals,250,60,5000,12,5,20000,37.583333333333314,258.8333333333333,2703,912
paced-flat,all-animals,250,60,5000,13,6,60000,95.83333333333337,354.6666666666667,1386,988
paced-flat,all-animals,250,60,5000,14,8,60000,90.08333333333331,444.75,2495,1064
paced-flat,all-animals,250,60,5000,15,9,60000,93.58333333333337,538.3333333333334,2167,1140
paced-flat,all-animals,250,60,5000,16,11,60000,83.5,621.8333333333334,4630,1216
paced-flat,all-animals,250,60,5000,17,12,60000,79.75,701.5833333333334,2324,1292
paced-flat,all-animals,250,60,5000,18,13,60000,77.5,779.0833333333334,2240,1368
early-a,crops,20,15,2500,5,2,2500,28.083333333333332,28.083333333333332,1348,160
early-a,crops,20,15,2500,6,4,5000,17.083333333333332,45.166666666666664,1028,192
early-a,crops,20,15,2500,7,6,6500,30.041666666666664,75.20833333333333,2016,224
early-a,crops,20,15,2500,8,7,8000,22.79166666666667,98,568,256
early-a,crops,20,15,2500,9,11,20000,65.16666666666666,163.16666666666666,2536,522
early-a,crops,20,15,2500,10,13,20000,30.125,193.29166666666666,2768,580
early-a,crops,20,15,5000,5,2,2500,27,27,808,100
early-a,crops,20,15,5000,6,4,5000,24.5,51.5,508,192
early-a,crops,20,15,5000,7,6,6500,24.25,75.75,248,224
early-a,crops,20,15,5000,8,8,8000,30.08333333333333,105.83333333333333,984,256
early-a,crops,20,15,5000,9,12,20000,60.08333333333333,165.91666666666666,952,288
early-a,crops,20,15,5000,10,14,20000,43.166666666666686,209.08333333333334,1370,580
early-a,crops,20,30,2500,5,1,2500,28.208333333333332,28.208333333333332,1348,160
early-a,crops,20,30,2500,6,2,5000,17.000000000000004,45.208333333333336,1028,192
early-a,crops,20,30,2500,7,3,6500,30.124999999999993,75.33333333333333,2016,224
early-a,crops,20,30,2500,8,4,8000,22.708333333333343,98.04166666666667,568,256
early-a,crops,20,30,2500,9,6,20000,65.12499999999999,163.16666666666666,2536,522
early-a,crops,20,30,2500,10,7,20000,42.916666666666686,206.08333333333334,2768,580
early-a,crops,20,30,2500,11,9,20000,34.458333333333314,240.54166666666666,5248,638
early-a,crops,20,30,2500,12,10,20000,30.083333333333343,270.625,3794,696
early-a,crops,20,30,2500,13,13,60000,90.04166666666669,360.6666666666667,4298,988
early-a,crops,20,30,5000,5,1,2500,28.166666666666668,28.166666666666668,808,100
early-a,crops,20,30,5000,6,2,5000,26.083333333333332,54.25,508,192
early-a,crops,20,30,5000,7,3,6500,30.75,85,1496,224
early-a,crops,20,30,5000,8,4,8000,30.58333333333333,115.58333333333333,2232,256
early-a,crops,20,30,5000,9,6,20000,60.58333333333333,176.16666666666666,2200,522
early-a,crops,20,30,5000,10,8,20000,34.83333333333334,211,2432,580
early-a,crops,20,30,5000,11,9,20000,43.58333333333334,254.58333333333334,3788,638
early-a,crops,20,30,5000,12,10,20000,44.08333333333334,298.6666666666667,6830,696
early-a,crops,20,30,5000,13,14,60000,92.66666666666663,391.3333333333333,3994,988
early-a,crops,20,60,2500,5,1,2500,28.208333333333332,28.208333333333332,1348,160
early-a,crops,20,60,2500,6,1,5000,22.458333333333332,50.666666666666664,1028,192
early-a,crops,20,60,2500,7,2,6500,24.791666666666664,75.45833333333333,2016,224
early-a,crops,20,60,2500,8,2,8000,22.958333333333343,98.41666666666667,568,256
early-a,crops,20,60,2500,9,3,20000,65.58333333333333,164,2536,522
early-a,crops,20,60,2500,10,4,20000,42.08333333333334,206.08333333333334,2768,580
early-a,crops,20,60,2500,11,5,20000,47.333333333333314,253.41666666666666,5248,638
early-a,crops,20,60,2500,12,5,20000,38.95833333333334,292.375,3794,696
early-a,crops,20,60,2500,13,7,60000,100.375,392.75,4298,988
early-a,crops,20,60,2500,14,9,60000,87.95833333333331,480.7083333333333,2330,1064
early-a,crops,20,60,2500,15,10,60000,92.45833333333331,573.1666666666666,4826,1140
early-a,crops,20,60,2500,16,12,60000,87.625,660.7916666666666,11786,1216
early-a,crops,20,60,2500,17,13,60000,76.45833333333337,737.25,11306,1292
early-a,crops,20,60,2500,18,14,60000,60.125,797.375,1898,1368
early-a,crops,20,60,5000,5,1,2500,28.166666666666668,28.166666666666668,808,100
early-a,crops,20,60,5000,6,1,5000,29.749999999999996,57.916666666666664,508,192
early-a,crops,20,60,5000,7,2,6500,27.083333333333336,85,1496,224
early-a,crops,20,60,5000,8,2,8000,33.16666666666667,118.16666666666667,2232,256
early-a,crops,20,60,5000,9,3,20000,61.66666666666667,179.83333333333334,2200,522
early-a,crops,20,60,5000,10,4,20000,54.5,234.33333333333334,2432,580
early-a,crops,20,60,5000,11,5,20000,47.99999999999997,282.3333333333333,4912,638
early-a,crops,20,60,5000,12,6,20000,32.83333333333337,315.1666666666667,3458,696
early-a,crops,20,60,5000,13,8,60000,106.16666666666663,421.3333333333333,1778,988
early-a,crops,20,60,5000,14,9,60000,111.83333333333331,533.1666666666666,9482,1064
early-a,crops,20,60,5000,15,11,60000,68.33333333333337,601.5,1562,1140
early-a,crops,20,60,5000,16,12,60000,95.25,696.75,8522,1216
early-a,crops,20,60,5000,17,13,60000,78.25,775,8042,1292
early-a,crops,250,15,2500,5,2,2500,19.333333333333332,19.333333333333332,158,25
early-a,crops,250,15,2500,6,4,5000,25.833333333333332,45.166666666666664,1613,192
early-a,crops,250,15,2500,7,5,6500,22.583333333333336,67.75,729,224
early-a,crops,250,15,2500,8,7,8000,30.25,98,1465,256
early-a,crops,250,15,2500,9,11,20000,52.45833333333334,150.45833333333334,937,522
early-a,crops,250,15,2500,10,13,20000,30.041666666666657,180.5,1169,580
early-a,crops,250,15,5000,5,2,2500,21.25,21.25,286,100
early-a,crops,250,15,5000,6,4,5000,30.25,51.5,926,192
early-a,crops,250,15,5000,7,6,6500,24.25,75.75,666,224
early-a,crops,250,15,5000,8,8,8000,30.08333333333333,105.83333333333333,1402,256
early-a,crops,250,15,5000,9,12,20000,60.08333333333333,165.91666666666666,1370,288
early-a,crops,250,15,5000,10,14,20000,43.33333333333334,209.25,1664,580
early-a,crops,250,30,2500,5,1,2500,19.458333333333332,19.458333333333332,158,25
early-a,crops,250,30,2500,6,2,5000,25.750000000000004,45.208333333333336,1613,192
early-a,crops,250,30,2500,7,3,6500,22.583333333333336,67.79166666666667,729,224
early-a,crops,250,30,2500,8,4,8000,30.25,98.04166666666667,1465,256
early-a,crops,250,30,2500,9,6,20000,52.41666666666667,150.45833333333334,937,522
early-a,crops,250,30,2500,10,7,20000,42.833333333333314,193.29166666666666,1169,580
early-a,crops,250,30,2500,11,8,20000,43,236.29166666666666,3649,638
early-a,crops,250,30,2500,12,9,20000,30.25000000000003,266.5416666666667,2195,696
early-a,crops,250,30,2500,13,13,60000,94.125,360.6666666666667,4931,988
early-a,crops,250,30,5000,5,1,2500,22.416666666666668,22.416666666666668,286,100
early-a,crops,250,30,5000,6,2,5000,31.833333333333332,54.25,926,192
early-a,crops,250,30,5000,7,3,6500,30.75,85,1914,224
early-a,crops,250,30,5000,8,4,8000,22.33333333333333,107.33333333333333,466,256
early-a,crops,250,30,5000,9,6,20000,60.41666666666667,167.75,434,288
early-a,crops,250,30,5000,10,8,20000,43.25,211,3474,580
early-a,crops,250,30,5000,11,9,20000,43.58333333333334,254.58333333333334,4830,638
early-a,crops,250,30,5000,12,10,20000,30.166666666666657,284.75,1690,696
early-a,crops,250,30,5000,13,14,60000,106.58333333333331,391.3333333333333,5780,988
early-a,crops,250,60,2500,5,1,2500,19.458333333333332,19.458333333333332,158,25
early-a,crops,250,60,2500,6,1,5000,31.375000000000004,50.833333333333336,1613,192
early-a,crops,250,60,2500,7,2,6500,17.083333333333336,67.91666666666667,729,224
early-a,crops,250,60,2500,8,2,8000,30.58333333333333,98.5,1465,256
early-a,crops,250,60,2500,9,3,20000,57.79166666666666,156.29166666666666,937,522
early-a,crops,250,60,2500,10,4,20000,49.791666666666686,206.08333333333334,1169,580
early-a,crops,250,60,2500,11,5,20000,47.333333333333314,253.41666666666666,3649,638
early-a,crops,250,60,2500,12,5,20000,38.95833333333334,292.375,2195,696
early-a,crops,250,60,2500,13,7,60000,100.375,392.75,2699,988
early-a,crops,250,60,2500,14,9,60000,104.08333333333331,496.8333333333333,10403,1064
early-a,crops,250,60,2500,15,10,60000,76.33333333333331,573.1666666666666,2483,1140
early-a,crops,250,60,2500,16,12,60000,87.625,660.7916666666666,9443,1216
early-a,crops,250,60,2500,17,13,60000,76.45833333333337,737.25,8963,1292
early-a,crops,250,60,2500,18,14,60000,76.58333333333337,813.8333333333334,12203,1368
early-a,crops,250,60,5000,5,1,2500,22.416666666666668,22.416666666666668,286,100
early-a,crops,250,60,5000,6,1,5000,35.66666666666667,58.083333333333336,926,192
early-a,crops,250,60,5000,7,2,6500,26.916666666666664,85,1914,224
early-a,crops,250,60,5000,8,2,8000,24.91666666666667,109.91666666666667,466,256
early-a,crops,250,60,5000,9,3,20000,61.499999999999986,171.41666666666666,434,288
early-a,crops,250,60,5000,10,4,20000,63.08333333333334,234.5,3474,580
early-a,crops,250,60,5000,11,5,20000,47.833333333333314,282.3333333333333,5954,638
early-a,crops,250,60,5000,12,6,20000,32.83333333333337,315.1666666666667,4500,696
early-a,crops,250,60,5000,13,8,60000,106.16666666666663,421.3333333333333,5566,988
early-a,crops,250,60,5000,14,9,60000,94.58333333333331,515.9166666666666,3598,1064
early-a,crops,250,60,5000,15,11,60000,85.58333333333337,601.5,6094,1140
early-a,crops,250,60,5000,16,12,60000,77.66666666666663,679.1666666666666,1894,1216
early-a,crops,250,60,5000,17,13,60000,78.08333333333337,757.25,1414,1292
early-a,crops,250,60,5000,18,14,60000,78.33333333333337,835.5833333333334,4654,1368
early-a,orders,20,15,2500,5,2,2500,15.375,15.375,653,160
early-a,orders,20,15,2500,6,3,5000,23.166666666666664,38.541666666666664,335,192
early-a,orders,20,15,2500,7,5,6500,21.833333333333336,60.375,956,406
early-a,orders,20,15,2500,8,6,8000,25.79166666666667,86.16666666666667,548,464
early-a,orders,20,15,2500,9,9,20000,34.33333333333333,120.5,2932,684
early-a,orders,20,15,2500,10,12,20000,45.125,165.625,2934,760
early-a,orders,20,15,5000,5,2,2500,23.416666666666668,23.416666666666668,1004,160
early-a,orders,20,15,5000,6,4,5000,22.416666666666668,45.833333333333336,945,192
early-a,orders,20,15,5000,7,5,6500,27.999999999999993,73.83333333333333,933,406
early-a,orders,20,15,5000,8,6,8000,15.25,89.08333333333333,495,464
early-a,orders,20,15,5000,9,10,20000,47.08333333333333,136.16666666666666,4686,684
early-a,orders,20,15,5000,10,13,20000,44.916666666666686,181.08333333333334,4671,760
early-a,orders,20,30,2500,5,1,2500,20.583333333333332,20.583333333333332,393,160
early-a,orders,20,30,2500,6,2,5000,19.250000000000004,39.833333333333336,219,192
early-a,orders,20,30,2500,7,3,6500,20.625,60.458333333333336,727,406
early-a,orders,20,30,2500,8,3,8000,25.249999999999993,85.70833333333333,505,464
early-a,orders,20,30,2500,9,5,20000,50.58333333333333,136.29166666666666,5238,684
early-a,orders,20,30,2500,10,7,20000,44.33333333333334,180.625,5245,760
early-a,orders,20,30,2500,11,8,20000,45.91666666666666,226.54166666666666,7457,836
early-a,orders,20,30,2500,12,9,20000,30.208333333333343,256.75,3786,912
early-a,orders,20,30,2500,13,13,60000,104.04166666666669,360.7916666666667,6051,988
early-a,orders,20,30,5000,5,1,2500,26.416666666666668,26.416666666666668,1004,160
early-a,orders,20,30,5000,6,2,5000,20.083333333333332,46.5,666,192
early-a,orders,20,30,5000,7,3,6500,27.25,73.75,1409,406
early-a,orders,20,30,5000,8,4,8000,17.33333333333333,91.08333333333333,1019,464
early-a,orders,20,30,5000,9,6,20000,60.08333333333333,151.16666666666666,5525,684
early-a,orders,20,30,5000,10,7,20000,46.25,197.41666666666666,3050,760
early-a,orders,20,30,5000,11,9,20000,43.916666666666686,241.33333333333334,7744,836
early-a,orders,20,30,5000,12,10,20000,30.083333333333343,271.4166666666667,4049,912
early-a,orders,20,30,5000,13,13,60000,106.33333333333331,377.75,1396,988
early-a,orders,20,60,2500,5,1,2500,20.583333333333332,20.583333333333332,393,160
early-a,orders,20,60,2500,6,1,5000,22.208333333333332,42.791666666666664,399,192
early-a,orders,20,60,2500,7,2,6500,17.66666666666667,60.458333333333336,727,406
early-a,orders,20,60,2500,8,2,8000,25.249999999999993,85.70833333333333,505,464
early-a,orders,20,60,2500,9,3,20000,65.87500000000001,151.58333333333334,1617,684
early-a,orders,20,60,2500,10,4,20000,44.833333333333314,196.41666666666666,5944,760
early-a,orders,20,60,2500,11,5,20000,44.25,240.66666666666666,8183,836
early-a,orders,20,60,2500,12,5,20000,32.12500000000003,272.7916666666667,4488,912
early-a,orders,20,60,2500,13,7,60000,104.125,376.9166666666667,6774,988
early-a,orders,20,60,2500,14,8,60000,92.25,469.1666666666667,4369,1064
early-a,orders,20,60,2500,15,10,60000,87.83333333333331,557,4809,1140
early-a,orders,20,60,2500,16,11,60000,76.75,633.75,1758,1216
early-a,orders,20,60,2500,17,13,60000,87.16666666666663,720.9166666666666,12614,1292
early-a,orders,20,60,2500,18,14,60000,60.125,781.0416666666666,2832,1368
early-a,orders,20,60,5000,5,1,2500,26.416666666666668,26.416666666666668,1004,160
early-a,orders,20,60,5000,6,1,5000,23.749999999999996,50.166666666666664,945,192
early-a,orders,20,60,5000,7,2,6500,23.833333333333336,74,1421,406
early-a,orders,20,60,5000,8,2,8000,26.5,100.5,1248,464
early-a,orders,20,60,5000,9,3,20000,60.83333333333334,161.33333333333334,711,684
early-a,orders,20,60,5000,10,4,20000,52.16666666666666,213.5,1439,760
early-a,orders,20,60,5000,11,5,20000,27.666666666666657,241.16666666666666,1997,836
early-a,orders,20,60,5000,12,5,20000,51.50000000000003,292.6666666666667,6387,912
early-a,orders,20,60,5000,13,7,60000,102.41666666666663,395.0833333333333,4079,988
early-a,orders,20,60,5000,14,9,60000,86.41666666666669,481.5,5623,1064
early-a,orders,20,60,5000,15,10,60000,94.16666666666663,575.6666666666666,1710,1140
early-a,orders,20,60,5000,16,11,60000,79.25,654.9166666666666,2631,1216
early-a,orders,20,60,5000,17,13,60000,82.66666666666674,737.5833333333334,3649,1292
early-a,orders,20,60,5000,18,14,60000,62.33333333333326,799.9166666666666,2907,1368
early-a,orders,250,15,2500,5,2,2500,15.375,15.375,883,160
early-a,orders,250,15,2500,6,3,5000,22.375,37.75,317,192
early-a,orders,250,15,2500,7,5,6500,22.625,60.375,1186,406
early-a,orders,250,15,2500,8,6,8000,15.166666666666671,75.54166666666667,651,464
early-a,orders,250,15,2500,9,9,20000,44.95833333333333,120.5,3724,684
early-a,orders,250,15,2500,10,12,20000,45.125,165.625,3726,760
early-a,orders,250,15,5000,5,2,2500,20.25,20.25,203,160
early-a,orders,250,15,5000,6,4,5000,25.583333333333336,45.833333333333336,1487,192
early-a,orders,250,15,5000,7,5,6500,27.999999999999993,73.83333333333333,1475,406
early-a,orders,250,15,5000,8,6,8000,15.25,89.08333333333333,1037,464
early-a,orders,250,15,5000,9,10,20000,47.08333333333333,136.16666666666666,5228,684
early-a,orders,250,15,5000,10,13,20000,44.916666666666686,181.08333333333334,5213,760
early-a,orders,250,30,2500,5,1,2500,20.583333333333332,20.583333333333332,623,160
early-a,orders,250,30,2500,6,2,5000,17.250000000000004,37.833333333333336,330,192
early-a,orders,250,30,2500,7,3,6500,22.625,60.458333333333336,957,406
early-a,orders,250,30,2500,8,3,8000,25.249999999999993,85.70833333333333,735,464
early-a,orders,250,30,2500,9,5,20000,50.58333333333333,136.29166666666666,5468,684
early-a,orders,250,30,2500,10,7,20000,44.33333333333334,180.625,5475,760
early-a,orders,250,30,2500,11,8,20000,45.91666666666666,226.54166666666666,7687,836
early-a,orders,250,30,2500,12,9,20000,30.208333333333343,256.75,4016,912
early-a,orders,250,30,2500,13,13,60000,104.04166666666669,360.7916666666667,6281,988
early-a,orders,250,30,5000,5,1,2500,21,21,203,160
early-a,orders,250,30,5000,6,2,5000,25,46,552,192
early-a,orders,250,30,5000,7,3,6500,27.66666666666667,73.66666666666667,1951,406
early-a,orders,250,30,5000,8,4,8000,17.416666666666657,91.08333333333333,1561,464
early-a,orders,250,30,5000,9,6,20000,60.08333333333333,151.16666666666666,6249,684
early-a,orders,250,30,5000,10,7,20000,46.25,197.41666666666666,3774,760
early-a,orders,250,30,5000,11,8,20000,31.083333333333343,228.5,1026,836
early-a,orders,250,30,5000,12,10,20000,42.916666666666686,271.4166666666667,5517,912
early-a,orders,250,30,5000,13,13,60000,106.33333333333331,377.75,2864,988
early-a,orders,250,60,2500,5,1,2500,20.583333333333332,20.583333333333332,623,160
early-a,orders,250,60,2500,6,1,5000,22.208333333333332,42.791666666666664,629,192
early-a,orders,250,60,2500,7,2,6500,17.66666666666667,60.458333333333336,957,406
early-a,orders,250,60,2500,8,2,8000,25.249999999999993,85.70833333333333,735,464
early-a,orders,250,60,2500,9,3,20000,65.87500000000001,151.58333333333334,1847,684
early-a,orders,250,60,2500,10,4,20000,44.833333333333314,196.41666666666666,6174,760
early-a,orders,250,60,2500,11,4,20000,31.958333333333343,228.375,991,836
early-a,orders,250,60,2500,12,5,20000,44.375,272.75,5462,912
early-a,orders,250,60,2500,13,7,60000,104.16666666666669,376.9166666666667,7748,988
early-a,orders,250,60,2500,14,8,60000,92.25,469.1666666666667,5343,1064
early-a,orders,250,60,2500,15,10,60000,87.83333333333331,557,5783,1140
early-a,orders,250,60,2500,16,11,60000,76.75,633.75,2732,1216
early-a,orders,250,60,2500,17,12,60000,76.70833333333337,710.4583333333334,1857,1292
early-a,orders,250,60,2500,18,14,60000,70.58333333333326,781.0416666666666,4550,1368
early-a,orders,250,60,5000,5,1,2500,21,21,203,160
early-a,orders,250,60,5000,6,1,5000,28.666666666666664,49.666666666666664,895,192
early-a,orders,250,60,5000,7,2,6500,24.250000000000007,73.91666666666667,1951,406
early-a,orders,250,60,5000,8,2,8000,26.33333333333333,100.25,549,464
early-a,orders,250,60,5000,9,3,20000,53.66666666666666,153.91666666666666,809,684
early-a,orders,250,60,5000,10,4,20000,44.33333333333334,198.25,2180,760
early-a,orders,250,60,5000,11,5,20000,42.91666666666666,241.16666666666666,4193,836
early-a,orders,250,60,5000,12,5,20000,46.75000000000003,287.9166666666667,1032,912
early-a,orders,250,60,5000,13,7,60000,91,378.9166666666667,1487,988
early-a,orders,250,60,5000,14,9,60000,102.58333333333331,481.5,8563,1064
early-a,orders,250,60,5000,15,10,60000,93.83333333333337,575.3333333333334,3835,1140
early-a,orders,250,60,5000,16,11,60000,79.58333333333326,654.9166666666666,5571,1216
early-a,orders,250,60,5000,17,13,60000,66.75,721.6666666666666,3970,1292
early-a,orders,250,60,5000,18,14,60000,78.58333333333337,800.25,6515,1368
early-a,combined-current,20,15,2500,5,2,2500,23,23,911,160
early-a,combined-current,20,15,2500,6,3,5000,20.208333333333336,43.208333333333336,1275,348
early-a,combined-current,20,15,2500,7,4,6500,15.041666666666664,58.25,1120,406
early-a,combined-current,20,15,2500,8,6,8000,17.54166666666667,75.79166666666667,3481,608
early-a,combined-current,20,15,2500,9,9,20000,45.125,120.91666666666667,3429,684
early-a,combined-current,20,15,2500,10,12,20000,44.95833333333333,165.875,5592,760
early-a,combined-current,20,15,2500,11,14,20000,30.041666666666657,195.91666666666666,1861,836
early-a,combined-current,20,15,5000,5,2,2500,24.333333333333332,24.333333333333332,380,160
early-a,combined-current,20,15,5000,6,4,5000,21.833333333333332,46.166666666666664,1895,348
early-a,combined-current,20,15,5000,7,5,6500,25.583333333333336,71.75,447,406
early-a,combined-current,20,15,5000,8,7,8000,19.91666666666667,91.66666666666667,2596,608
early-a,combined-current,20,15,5000,9,10,20000,45.08333333333333,136.75,1917,684
early-a,combined-current,20,15,5000,10,13,20000,45.08333333333334,181.83333333333334,3470,760
early-a,combined-current,20,30,2500,5,1,2500,25.458333333333332,25.458333333333332,1115,160
early-a,combined-current,20,30,2500,6,2,5000,17.750000000000004,43.208333333333336,1275,348
early-a,combined-current,20,30,2500,7,3,6500,17.58333333333333,60.791666666666664,2215,532
early-a,combined-current,20,30,2500,8,3,8000,26.791666666666664,87.58333333333333,625,608
early-a,combined-current,20,30,2500,9,5,20000,48.33333333333333,135.91666666666666,805,684
early-a,combined-current,20,30,2500,10,6,20000,30.875,166.79166666666666,1321,760
early-a,combined-current,20,30,2500,11,8,20000,44.166666666666686,210.95833333333334,5663,836
early-a,combined-current,20,30,2500,12,9,20000,30,240.95833333333334,3345,912
early-a,combined-current,20,30,2500,13,12,60000,101.95833333333334,342.9166666666667,1088,988
early-a,combined-current,20,30,5000,5,1,2500,27.166666666666668,27.166666666666668,169,160
early-a,combined-current,20,30,5000,6,2,5000,25.166666666666668,52.333333333333336,2180,348
early-a,combined-current,20,30,5000,7,3,6500,22.999999999999993,75.33333333333333,3263,532
early-a,combined-current,20,30,5000,8,4,8000,16.333333333333343,91.66666666666667,1116,608
early-a,combined-current,20,30,5000,9,5,20000,57.33333333333333,149,742,684
early-a,combined-current,20,30,5000,10,7,20000,32.75,181.75,1855,760
early-a,combined-current,20,30,5000,11,8,20000,46.41666666666666,228.16666666666666,2215,836
early-a,combined-current,20,30,5000,12,9,20000,32.08333333333334,260.25,2863,912
early-a,combined-current,20,30,5000,13,13,60000,101.83333333333331,362.0833333333333,8346,988
early-a,combined-current,20,60,2500,5,1,2500,25.458333333333332,25.458333333333332,1115,160
early-a,combined-current,20,60,2500,6,1,5000,20.625000000000004,46.083333333333336,1573,348
early-a,combined-current,20,60,2500,7,2,6500,14.708333333333329,60.791666666666664,2165,532
early-a,combined-current,20,60,2500,8,2,8000,28.458333333333336,89.25,614,608
early-a,combined-current,20,60,2500,9,3,20000,47.375,136.625,5746,684
early-a,combined-current,20,60,2500,10,3,20000,41.75,178.375,897,760
early-a,combined-current,20,60,2500,11,4,20000,35.25,213.625,4755,836
early-a,combined-current,20,60,2500,12,5,20000,27.291666666666657,240.91666666666666,2375,912
early-a,combined-current,20,60,2500,13,6,60000,106.66666666666666,347.5833333333333,1635,988
early-a,combined-current,20,60,2500,14,8,60000,89.66666666666669,437.25,9793,1064
early-a,combined-current,20,60,2500,15,9,60000,76.70833333333337,513.9583333333334,4843,1140
early-a,combined-current,20,60,2500,16,10,60000,77.625,591.5833333333334,4666,1216
early-a,combined-current,20,60,2500,17,12,60000,69.70833333333326,661.2916666666666,6813,1292
early-a,combined-current,20,60,2500,18,13,60000,76.875,738.1666666666666,13099,1368
early-a,combined-current,20,60,5000,5,1,2500,27.166666666666668,27.166666666666668,169,160
early-a,combined-current,20,60,5000,6,1,5000,29.166666666666668,56.333333333333336,2333,348
early-a,combined-current,20,60,5000,7,2,6500,18.583333333333336,74.91666666666667,3036,532
early-a,combined-current,20,60,5000,8,2,8000,22,96.91666666666667,852,608
early-a,combined-current,20,60,5000,9,3,20000,56.33333333333333,153.25,1460,684
early-a,combined-current,20,60,5000,10,4,20000,38.75,192,812,760
early-a,combined-current,20,60,5000,11,4,20000,40.58333333333334,232.58333333333334,1925,836
early-a,combined-current,20,60,5000,12,5,20000,26.74999999999997,259.3333333333333,938,912
early-a,combined-current,20,60,5000,13,7,60000,102.75,362.0833333333333,5771,988
early-a,combined-current,20,60,5000,14,8,60000,94.75,456.8333333333333,2499,1064
early-a,combined-current,20,60,5000,15,10,60000,85.00000000000006,541.8333333333334,6166,1140
early-a,combined-current,20,60,5000,16,11,60000,91.75,633.5833333333334,1461,1216
early-a,combined-current,20,60,5000,17,12,60000,67.91666666666663,701.5,1604,1292
early-a,combined-current,20,60,5000,18,13,60000,78.08333333333337,779.5833333333334,1373,1368
early-a,combined-current,250,15,2500,5,2,2500,22.958333333333332,22.958333333333332,775,160
early-a,combined-current,250,15,2500,6,3,5000,20.250000000000004,43.208333333333336,1483,348
early-a,combined-current,250,15,2500,7,4,6500,15.041666666666664,58.25,1328,406
early-a,combined-current,250,15,2500,8,6,8000,17.54166666666667,75.79166666666667,3689,608
early-a,combined-current,250,15,2500,9,9,20000,45.125,120.91666666666667,3637,684
early-a,combined-current,250,15,2500,10,12,20000,44.95833333333333,165.875,5800,760
early-a,combined-current,250,15,2500,11,14,20000,30.041666666666657,195.91666666666666,2069,836
early-a,combined-current,250,15,5000,5,2,2500,23.666666666666668,23.666666666666668,744,160
early-a,combined-current,250,15,5000,6,4,5000,22.666666666666668,46.333333333333336,2603,348
early-a,combined-current,250,15,5000,7,5,6500,25.249999999999993,71.58333333333333,605,406
early-a,combined-current,250,15,5000,8,7,8000,19.583333333333343,91.16666666666667,5458,608
early-a,combined-current,250,15,5000,9,10,20000,45.58333333333333,136.75,4950,684
early-a,combined-current,250,15,5000,10,13,20000,45.08333333333334,181.83333333333334,6503,760
early-a,combined-current,250,30,2500,5,1,2500,24.541666666666668,24.541666666666668,176,160
early-a,combined-current,250,30,2500,6,2,5000,18.666666666666668,43.208333333333336,1483,348
early-a,combined-current,250,30,2500,7,3,6500,17.58333333333333,60.791666666666664,2423,532
early-a,combined-current,250,30,2500,8,3,8000,25.208333333333336,86,720,608
early-a,combined-current,250,30,2500,9,5,20000,46.625,132.625,727,684
early-a,combined-current,250,30,2500,10,6,20000,34.16666666666666,166.79166666666666,2273,760
early-a,combined-current,250,30,2500,11,8,20000,44.166666666666686,210.95833333333334,6615,836
early-a,combined-current,250,30,2500,12,9,20000,30,240.95833333333334,4297,912
early-a,combined-current,250,30,2500,13,12,60000,90.16666666666666,331.125,1807,988
early-a,combined-current,250,30,5000,5,1,2500,27,27,208,160
early-a,combined-current,250,30,5000,6,2,5000,23.916666666666664,50.916666666666664,372,348
early-a,combined-current,250,30,5000,7,3,6500,22.083333333333336,73,605,406
early-a,combined-current,250,30,5000,8,4,8000,18.58333333333333,91.58333333333333,1713,608
early-a,combined-current,250,30,5000,9,5,20000,47.500000000000014,139.08333333333334,851,684
early-a,combined-current,250,30,5000,10,7,20000,42.833333333333314,181.91666666666666,2355,760
early-a,combined-current,250,30,5000,11,8,20000,46.08333333333334,228,1868,836
early-a,combined-current,250,30,5000,12,9,20000,32.25,260.25,3276,912
early-a,combined-current,250,30,5000,13,13,60000,102,362.25,8921,988
early-a,combined-current,250,60,2500,5,1,2500,24.541666666666668,24.541666666666668,176,160
early-a,combined-current,250,60,2500,6,1,5000,20.833333333333332,45.375,836,348
early-a,combined-current,250,60,2500,7,2,6500,15.458333333333336,60.833333333333336,2398,532
early-a,combined-current,250,60,2500,8,2,8000,25.208333333333336,86.04166666666667,695,608
early-a,combined-current,250,60,2500,9,3,20000,46.66666666666667,132.70833333333334,702,684
early-a,combined-current,250,60,2500,10,3,20000,35.958333333333314,168.66666666666666,1320,760
early-a,combined-current,250,60,2500,11,4,20000,43.666666666666686,212.33333333333334,1384,836
early-a,combined-current,250,60,2500,12,5,20000,28.583333333333314,240.91666666666666,4057,912
early-a,combined-current,250,60,2500,13,6,60000,92.70833333333334,333.625,1266,988
early-a,combined-current,250,60,2500,14,8,60000,87.54166666666669,421.1666666666667,2341,1064
early-a,combined-current,250,60,2500,15,9,60000,92.87499999999994,514.0416666666666,7632,1140
early-a,combined-current,250,60,2500,16,10,60000,76.29166666666674,590.3333333333334,3279,1216
early-a,combined-current,250,60,2500,17,12,60000,70.95833333333326,661.2916666666666,9563,1292
early-a,combined-current,250,60,2500,18,13,60000,60,721.2916666666666,2459,1368
early-a,combined-current,250,60,5000,5,1,2500,27,27,208,160
early-a,combined-current,250,60,5000,6,1,5000,24.5,51.5,1371,348
early-a,combined-current,250,60,5000,7,2,6500,24.08333333333333,75.58333333333333,3054,532
early-a,combined-current,250,60,5000,8,2,8000,16.833333333333343,92.41666666666667,777,608
early-a,combined-current,250,60,5000,9,3,20000,60.83333333333333,153.25,1364,684
early-a,combined-current,250,60,5000,10,4,20000,40,193.25,774,760
early-a,combined-current,250,60,5000,11,4,20000,40.16666666666666,233.41666666666666,2612,836
early-a,combined-current,250,60,5000,12,5,20000,40.33333333333334,273.75,1953,912
early-a,combined-current,250,60,5000,13,7,60000,88.5,362.25,5428,988
early-a,combined-current,250,60,5000,14,8,60000,94.5,456.75,1298,1064
early-a,combined-current,250,60,5000,15,10,60000,84.91666666666663,541.6666666666666,9315,1140
early-a,combined-current,250,60,5000,16,11,60000,78.66666666666674,620.3333333333334,1968,1216
early-a,combined-current,250,60,5000,17,12,60000,80.08333333333326,700.4166666666666,3357,1292
early-a,combined-current,250,60,5000,18,13,60000,79.25,779.6666666666666,4024,1368
early-a,combined-premium20,20,15,2500,5,2,2500,23,23,959,160
early-a,combined-premium20,20,15,2500,6,3,5000,20.208333333333336,43.208333333333336,1419,348
early-a,combined-premium20,20,15,2500,7,4,6500,15.041666666666664,58.25,1344,532
early-a,combined-premium20,20,15,2500,8,6,8000,17.54166666666667,75.79166666666667,4909,608
early-a,combined-premium20,20,15,2500,9,9,20000,45.125,120.91666666666667,5097,684
early-a,combined-premium20,20,15,2500,10,12,20000,44.95833333333333,165.875,7500,760
early-a,combined-premium20,20,15,2500,11,14,20000,30.041666666666657,195.91666666666666,3929,836
early-a,combined-premium20,20,15,5000,5,2,2500,24.333333333333332,24.333333333333332,428,160
early-a,combined-premium20,20,15,5000,6,4,5000,21.833333333333332,46.166666666666664,2055,348
early-a,combined-premium20,20,15,5000,7,5,6500,22.666666666666664,68.83333333333333,601,532
early-a,combined-premium20,20,15,5000,8,7,8000,22.833333333333343,91.66666666666667,2964,608
early-a,combined-premium20,20,15,5000,9,10,20000,45.08333333333333,136.75,2477,684
early-a,combined-premium20,20,15,5000,10,13,20000,45.08333333333334,181.83333333333334,4222,760
early-a,combined-premium20,20,30,2500,5,1,2500,25.458333333333332,25.458333333333332,1115,160
early-a,combined-premium20,20,30,2500,6,2,5000,17.750000000000004,43.208333333333336,1339,348
early-a,combined-premium20,20,30,2500,7,3,6500,17.58333333333333,60.791666666666664,2391,532
early-a,combined-premium20,20,30,2500,8,3,8000,23.458333333333336,84.25,616,608
early-a,combined-premium20,20,30,2500,9,5,20000,47.20833333333334,131.45833333333334,912,684
early-a,combined-premium20,20,30,2500,10,6,20000,35.25,166.70833333333334,2678,760
early-a,combined-premium20,20,30,2500,11,8,20000,44.16666666666666,210.875,7244,836
early-a,combined-premium20,20,30,2500,12,9,20000,30.166666666666657,241.04166666666666,5161,912
early-a,combined-premium20,20,30,2500,13,12,60000,90.08333333333334,331.125,3103,988
early-a,combined-premium20,20,30,5000,5,1,2500,27.166666666666668,27.166666666666668,217,160
early-a,combined-premium20,20,30,5000,6,2,5000,25.166666666666668,52.333333333333336,2340,348
early-a,combined-premium20,20,30,5000,7,3,6500,22.999999999999993,75.33333333333333,3535,532
early-a,combined-premium20,20,30,5000,8,4,8000,16.333333333333343,91.66666666666667,1468,608
early-a,combined-premium20,20,30,5000,9,5,20000,47.749999999999986,139.41666666666666,1126,684
early-a,combined-premium20,20,30,5000,10,7,20000,42.33333333333334,181.75,2623,760
early-a,combined-premium20,20,30,5000,11,8,20000,46.41666666666666,228.16666666666666,3175,836
early-a,combined-premium20,20,30,5000,12,9,20000,32.08333333333334,260.25,3967,912
early-a,combined-premium20,20,30,5000,13,13,60000,101.83333333333331,362.0833333333333,9882,988
early-a,combined-premium20,20,60,2500,5,1,2500,25.458333333333332,25.458333333333332,1115,160
early-a,combined-premium20,20,60,2500,6,1,5000,20.625000000000004,46.083333333333336,1573,348
early-a,combined-premium20,20,60,2500,7,2,6500,14.75,60.833333333333336,2181,532
early-a,combined-premium20,20,60,2500,8,2,8000,25.999999999999993,86.83333333333333,676,608
early-a,combined-premium20,20,60,2500,9,3,20000,44.70833333333333,131.54166666666666,702,684
early-a,combined-premium20,20,60,2500,10,3,20000,36.916666666666686,168.45833333333334,823,760
early-a,combined-premium20,20,60,2500,11,4,20000,43.833333333333314,212.29166666666666,1919,836
early-a,combined-premium20,20,60,2500,12,5,20000,28.708333333333343,241,4776,912
early-a,combined-premium20,20,60,2500,13,6,60000,92.70833333333331,333.7083333333333,2409,988
early-a,combined-premium20,20,60,2500,14,8,60000,87.45833333333337,421.1666666666667,4336,1064
early-a,combined-premium20,20,60,2500,15,9,60000,92.87499999999994,514.0416666666666,10059,1140
early-a,combined-premium20,20,60,2500,16,10,60000,76.29166666666674,590.3333333333334,6074,1216
early-a,combined-premium20,20,60,2500,17,12,60000,70.95833333333326,661.2916666666666,12710,1292
early-a,combined-premium20,20,60,2500,18,13,60000,60,721.2916666666666,5894,1368
early-a,combined-premium20,20,60,5000,5,1,2500,27.166666666666668,27.166666666666668,217,160
early-a,combined-premium20,20,60,5000,6,1,5000,21.833333333333332,49,818,348
early-a,combined-premium20,20,60,5000,7,2,6500,25.66666666666667,74.66666666666667,2044,532
early-a,combined-premium20,20,60,5000,8,2,8000,31.416666666666657,106.08333333333333,1397,608
early-a,combined-premium20,20,60,5000,9,3,20000,48.91666666666667,155,3555,684
early-a,combined-premium20,20,60,5000,10,4,20000,43.08333333333334,198.08333333333334,4333,760
early-a,combined-premium20,20,60,5000,11,4,20000,35,233.08333333333334,2090,836
early-a,combined-premium20,20,60,5000,12,5,20000,42.99999999999997,276.0833333333333,3138,912
early-a,combined-premium20,20,60,5000,13,7,60000,86,362.0833333333333,5313,988
early-a,combined-premium20,20,60,5000,14,8,60000,94.75,456.8333333333333,2441,1064
early-a,combined-premium20,20,60,5000,15,9,60000,81.41666666666669,538.25,1149,1140
early-a,combined-premium20,20,60,5000,16,11,60000,82.58333333333337,620.8333333333334,1710,1216
early-a,combined-premium20,20,60,5000,17,12,60000,91.58333333333326,712.4166666666666,3709,1292
early-a,combined-premium20,20,60,5000,18,13,60000,67.25,779.6666666666666,5078,1368
early-a,combined-premium20,250,15,2500,5,2,2500,22.958333333333332,22.958333333333332,823,160
early-a,combined-premium20,250,15,2500,6,3,5000,20.250000000000004,43.208333333333336,1627,348
early-a,combined-premium20,250,15,2500,7,4,6500,15.041666666666664,58.25,1552,532
early-a,combined-premium20,250,15,2500,8,6,8000,17.54166666666667,75.79166666666667,5117,608
early-a,combined-premium20,250,15,2500,9,9,20000,45.125,120.91666666666667,5305,684
early-a,combined-premium20,250,15,2500,10,11,20000,43.374999999999986,164.29166666666666,873,760
early-a,combined-premium20,250,15,2500,11,14,20000,31.625,195.91666666666666,4881,836
early-a,combined-premium20,250,15,5000,5,2,2500,23.666666666666668,23.666666666666668,792,160
early-a,combined-premium20,250,15,5000,6,4,5000,22.666666666666668,46.333333333333336,2747,348
early-a,combined-premium20,250,15,5000,7,5,6500,25.249999999999993,71.58333333333333,861,532
early-a,combined-premium20,250,15,5000,8,6,8000,15.666666666666671,87.25,657,608
early-a,combined-premium20,250,15,5000,9,10,20000,49.41666666666666,136.66666666666666,6133,684
early-a,combined-premium20,250,15,5000,10,12,20000,41.416666666666686,178.08333333333334,920,760
early-a,combined-premium20,250,30,2500,5,1,2500,24,24,174,160
early-a,combined-premium20,250,30,2500,6,2,5000,19.208333333333336,43.208333333333336,1627,348
early-a,combined-premium20,250,30,2500,7,3,6500,17.58333333333333,60.791666666666664,2679,532
early-a,combined-premium20,250,30,2500,8,3,8000,20.916666666666664,81.70833333333333,651,608
early-a,combined-premium20,250,30,2500,9,5,20000,39.125,120.83333333333333,750,684
early-a,combined-premium20,250,30,2500,10,6,20000,45.875000000000014,166.70833333333334,2550,760
early-a,combined-premium20,250,30,2500,11,8,20000,44.16666666666666,210.875,7116,836
early-a,combined-premium20,250,30,2500,12,9,20000,30.166666666666657,241.04166666666666,5033,912
early-a,combined-premium20,250,30,2500,13,12,60000,90.08333333333334,331.125,2975,988
early-a,combined-premium20,250,30,5000,5,1,2500,27,27,256,160
early-a,combined-premium20,250,30,5000,6,2,5000,22.583333333333336,49.583333333333336,381,348
early-a,combined-premium20,250,30,5000,7,3,6500,21.583333333333336,71.16666666666667,559,532
early-a,combined-premium20,250,30,5000,8,4,8000,20.166666666666657,91.33333333333333,2754,608
early-a,combined-premium20,250,30,5000,9,5,20000,47.000000000000014,138.33333333333334,1317,684
early-a,combined-premium20,250,30,5000,10,7,20000,43.583333333333314,181.91666666666666,3835,760
early-a,combined-premium20,250,30,5000,11,8,20000,46.08333333333334,228,3556,836
early-a,combined-premium20,250,30,5000,12,9,20000,30.25,258.25,1030,912
early-a,combined-premium20,250,30,5000,13,12,60000,92.25,350.5,1867,988
early-a,combined-premium20,250,60,2500,5,1,2500,24,24,174,160
early-a,combined-premium20,250,60,2500,6,1,5000,21.208333333333336,45.208333333333336,434,348
early-a,combined-premium20,250,60,2500,7,2,6500,15.625,60.833333333333336,3382,532
early-a,combined-premium20,250,60,2500,8,2,8000,15.708333333333336,76.54166666666667,1260,608
early-a,combined-premium20,250,60,2500,9,3,20000,44.375,120.91666666666667,1453,684
early-a,combined-premium20,250,60,2500,10,3,20000,47.999999999999986,168.91666666666666,3571,760
early-a,combined-premium20,250,60,2500,11,4,20000,43.375,212.29166666666666,3120,836
early-a,combined-premium20,250,60,2500,12,5,20000,28.708333333333343,241,5977,912
early-a,combined-premium20,250,60,2500,13,6,60000,92.70833333333331,333.7083333333333,3610,988
early-a,combined-premium20,250,60,2500,14,8,60000,87.45833333333337,421.1666666666667,5537,1064
early-a,combined-premium20,250,60,2500,15,9,60000,88.625,509.7916666666667,1199,1140
early-a,combined-premium20,250,60,2500,16,10,60000,80.66666666666669,590.4583333333334,7275,1216
early-a,combined-premium20,250,60,2500,17,11,60000,60.79166666666663,651.25,1693,1292
early-a,combined-premium20,250,60,2500,18,13,60000,70.04166666666663,721.2916666666666,7501,1368
early-a,combined-premium20,250,60,5000,5,1,2500,27,27,256,160
early-a,combined-premium20,250,60,5000,6,1,5000,24.5,51.5,1531,348
early-a,combined-premium20,250,60,5000,7,2,6500,24.08333333333333,75.58333333333333,3326,532
early-a,combined-premium20,250,60,5000,8,2,8000,16.833333333333343,92.41666666666667,1113,608
early-a,combined-premium20,250,60,5000,9,3,20000,56.16666666666667,148.58333333333334,938,684
early-a,combined-premium20,250,60,5000,10,4,20000,33.25,181.83333333333334,1541,760
early-a,combined-premium20,250,60,5000,11,4,20000,52.25,234.08333333333334,4197,836
early-a,combined-premium20,250,60,5000,12,5,20000,25.24999999999997,259.3333333333333,2843,912
early-a,combined-premium20,250,60,5000,13,7,60000,102.75,362.0833333333333,8697,988
early-a,combined-premium20,250,60,5000,14,8,60000,94.75,456.8333333333333,5825,1064
early-a,combined-premium20,250,60,5000,15,9,60000,80.91666666666669,537.75,3865,1140
early-a,combined-premium20,250,60,5000,16,11,60000,83.08333333333337,620.8333333333334,5094,1216
early-a,combined-premium20,250,60,5000,17,12,60000,80,700.8333333333334,3838,1292
early-a,combined-premium20,250,60,5000,18,13,60000,76.91666666666663,777.75,2658,1368
early-a,all-animals,20,15,2500,5,2,2500,29.458333333333332,29.458333333333332,314,290
early-a,all-animals,20,15,2500,6,3,5000,14.958333333333332,44.416666666666664,1855,348
early-a,all-animals,20,15,2500,7,5,6500,17,61.416666666666664,4652,532
early-a,all-animals,20,15,2500,8,6,8000,15.000000000000007,76.41666666666667,3752,608
early-a,all-animals,20,15,2500,9,8,20000,43.58333333333333,120,839,684
early-a,all-animals,20,15,2500,10,11,20000,31.583333333333343,151.58333333333334,4511,760
early-a,all-animals,20,15,2500,11,13,20000,30.041666666666657,181.625,3153,836
early-a,all-animals,20,15,5000,5,3,2500,32.333333333333336,32.333333333333336,1195,160
early-a,all-animals,20,15,5000,6,4,5000,15.25,47.583333333333336,1801,348
early-a,all-animals,20,15,5000,7,5,6500,24.249999999999993,71.83333333333333,714,532
early-a,all-animals,20,15,5000,8,7,8000,21.083333333333343,92.91666666666667,5369,608
early-a,all-animals,20,15,5000,9,9,20000,41.66666666666667,134.58333333333334,995,684
early-a,all-animals,20,15,5000,10,12,20000,33.5,168.08333333333334,4191,760
early-a,all-animals,20,15,5000,11,14,20000,30.083333333333314,198.16666666666666,1749,836
early-a,all-animals,20,30,2500,5,2,2500,31.125,31.125,2290,290
early-a,all-animals,20,30,2500,6,2,5000,13.083333333333336,44.208333333333336,1498,348
early-a,all-animals,20,30,2500,7,3,6500,17.20833333333333,61.416666666666664,4419,532
early-a,all-animals,20,30,2500,8,3,8000,15.750000000000007,77.16666666666667,2975,608
early-a,all-animals,20,30,2500,9,5,20000,44.375,121.54166666666667,6101,684
early-a,all-animals,20,30,2500,10,6,20000,30.04166666666667,151.58333333333334,2802,760
early-a,all-animals,20,30,2500,11,7,20000,30.041666666666657,181.625,991,836
early-a,all-animals,20,30,2500,12,8,20000,40.83333333333334,222.45833333333334,929,912
early-a,all-animals,20,30,2500,13,11,60000,79.29166666666666,301.75,3527,988
early-a,all-animals,20,30,2500,14,14,60000,90.04166666666669,391.7916666666667,11369,1064
early-a,all-animals,20,30,5000,5,2,2500,36.75,36.75,309,290
early-a,all-animals,20,30,5000,6,2,5000,16.166666666666664,52.916666666666664,388,348
early-a,all-animals,20,30,5000,7,3,6500,23.750000000000007,76.66666666666667,2184,532
early-a,all-animals,20,30,5000,8,4,8000,15.833333333333329,92.5,1578,608
early-a,all-animals,20,30,5000,9,5,20000,47.58333333333334,140.08333333333334,3121,684
early-a,all-animals,20,30,5000,10,7,20000,42.91666666666666,183,6998,760
early-a,all-animals,20,30,5000,11,8,20000,30.166666666666657,213.16666666666666,4283,836
early-a,all-animals,20,30,5000,12,9,20000,30.083333333333343,243.25,3056,912
early-a,all-animals,20,30,5000,13,12,60000,90.08333333333331,333.3333333333333,3839,988
early-a,all-animals,20,60,2500,5,1,2500,31.75,31.75,548,290
early-a,all-animals,20,60,2500,6,1,5000,15.125,46.875,366,348
early-a,all-animals,20,60,2500,7,2,6500,14.583333333333336,61.458333333333336,2576,532
early-a,all-animals,20,60,2500,8,2,8000,15.749999999999993,77.20833333333333,1132,608
early-a,all-animals,20,60,2500,9,3,20000,44.16666666666667,121.375,4087,684
early-a,all-animals,20,60,2500,10,3,20000,38.58333333333334,159.95833333333334,920,760
early-a,all-animals,20,60,2500,11,4,20000,37.708333333333314,197.66666666666666,7756,836
early-a,all-animals,20,60,2500,12,4,20000,31.958333333333343,229.625,1655,912
early-a,all-animals,20,60,2500,13,6,60000,85.04166666666669,314.6666666666667,1081,988
early-a,all-animals,20,60,2500,14,7,60000,80.08333333333331,394.75,6273,1064
early-a,all-animals,20,60,2500,15,8,60000,76.625,471.375,3905,1140
early-a,all-animals,20,60,2500,16,10,60000,70.5,541.875,10647,1216
early-a,all-animals,20,60,2500,17,11,60000,59.91666666666663,601.7916666666666,4451,1292
early-a,all-animals,20,60,2500,18,12,60000,70.5,672.2916666666666,1635,1368
early-a,all-animals,20,60,2500,19,14,120000,122.75,795.0416666666666,1625,1444
early-a,all-animals,20,60,5000,5,1,2500,37.666666666666664,37.666666666666664,571,290
early-a,all-animals,20,60,5000,6,1,5000,19.75,57.416666666666664,1227,348
early-a,all-animals,20,60,5000,7,2,6500,21.166666666666664,78.58333333333333,2444,532
early-a,all-animals,20,60,5000,8,2,8000,18.75,97.33333333333333,3202,608
early-a,all-animals,20,60,5000,9,3,20000,41.66666666666667,139,1958,684
early-a,all-animals,20,60,5000,10,3,20000,39,178,1186,760
early-a,all-animals,20,60,5000,11,4,20000,40.25,218.25,5239,836
early-a,all-animals,20,60,5000,12,5,20000,33.5,251.75,1032,912
early-a,all-animals,20,60,5000,13,6,60000,100.66666666666669,352.4166666666667,2802,988
early-a,all-animals,20,60,5000,14,8,60000,86.25,438.6666666666667,2060,1064
early-a,all-animals,20,60,5000,15,9,60000,84.83333333333331,523.5,2195,1140
early-a,all-animals,20,60,5000,16,11,60000,78.66666666666663,602.1666666666666,4471,1216
early-a,all-animals,20,60,5000,17,12,60000,81.75,683.9166666666666,4652,1292
early-a,all-animals,20,60,5000,18,13,60000,80.75,764.6666666666666,5079,1368
early-a,all-animals,250,15,2500,5,2,2500,26.375,26.375,316,290
early-a,all-animals,250,15,2500,6,3,5000,18.083333333333336,44.458333333333336,2483,348
early-a,all-animals,250,15,2500,7,5,6500,16.95833333333333,61.416666666666664,5280,532
early-a,all-animals,250,15,2500,8,6,8000,15.000000000000007,76.41666666666667,4380,608
early-a,all-animals,250,15,2500,9,8,20000,40.5,116.91666666666667,1117,684
early-a,all-animals,250,15,2500,10,11,20000,34.66666666666667,151.58333333333334,5844,760
early-a,all-animals,250,15,2500,11,13,20000,30.041666666666657,181.625,4486,836
early-a,all-animals,250,15,5000,5,3,2500,32.583333333333336,32.583333333333336,1617,290
early-a,all-animals,250,15,5000,6,4,5000,15,47.583333333333336,975,348
early-a,all-animals,250,15,5000,7,5,6500,26.666666666666664,74.25,537,532
early-a,all-animals,250,15,5000,8,7,8000,18.66666666666667,92.91666666666667,4543,608
early-a,all-animals,250,15,5000,9,10,20000,45.08333333333333,138,6497,684
early-a,all-animals,250,15,5000,10,12,20000,30.083333333333343,168.08333333333334,2621,760
early-a,all-animals,250,15,5000,11,14,20000,41.41666666666666,209.5,963,836
early-a,all-animals,250,30,2500,5,1,2500,28.375,28.375,302,290
early-a,all-animals,250,30,2500,6,2,5000,16.041666666666664,44.416666666666664,2064,348
early-a,all-animals,250,30,2500,7,3,6500,17,61.416666666666664,4985,532
early-a,all-animals,250,30,2500,8,3,8000,15.750000000000007,77.16666666666667,3541,608
early-a,all-animals,250,30,2500,9,5,20000,44.375,121.54166666666667,6667,684
early-a,all-animals,250,30,2500,10,6,20000,30.04166666666667,151.58333333333334,3368,760
early-a,all-animals,250,30,2500,11,7,20000,30.041666666666657,181.625,1557,836
early-a,all-animals,250,30,2500,12,8,20000,29.916666666666657,211.54166666666666,1195,912
early-a,all-animals,250,30,2500,13,11,60000,90.20833333333334,301.75,4093,988
early-a,all-animals,250,30,2500,14,13,60000,86.54166666666669,388.2916666666667,1264,1064
early-a,all-animals,250,30,5000,5,2,2500,32.166666666666664,32.166666666666664,346,160
early-a,all-animals,250,30,5000,6,2,5000,22.25,54.416666666666664,983,348
early-a,all-animals,250,30,5000,7,3,6500,22.750000000000007,77.16666666666667,727,532
early-a,all-animals,250,30,5000,8,4,8000,15.25,92.41666666666667,3367,608
early-a,all-animals,250,30,5000,9,5,20000,45.83333333333333,138.25,2358,684
early-a,all-animals,250,30,5000,10,6,20000,32.5,170.75,853,760
early-a,all-animals,250,30,5000,11,8,20000,41.58333333333334,212.33333333333334,6935,836
early-a,all-animals,250,30,5000,12,9,20000,30.833333333333314,243.16666666666666,5970,912
early-a,all-animals,250,30,5000,13,12,60000,90.00000000000003,333.1666666666667,6714,988
early-a,all-animals,250,30,5000,14,14,60000,81.83333333333331,415,1388,1064
early-a,all-animals,250,60,2500,5,1,2500,28.375,28.375,302,290
early-a,all-animals,250,60,2500,6,1,5000,16.5,44.875,423,348
early-a,all-animals,250,60,2500,7,2,6500,16.458333333333336,61.333333333333336,4148,532
early-a,all-animals,250,60,2500,8,2,8000,15.749999999999993,77.08333333333333,1799,608
early-a,all-animals,250,60,2500,9,3,20000,44.45833333333334,121.54166666666667,5655,684
early-a,all-animals,250,60,2500,10,3,20000,32.249999999999986,153.79166666666666,1230,760
early-a,all-animals,250,60,2500,11,4,20000,38.25,192.04166666666666,1179,836
early-a,all-animals,250,60,2500,12,4,20000,32.125,224.16666666666666,1109,912
early-a,all-animals,250,60,2500,13,6,60000,77.50000000000003,301.6666666666667,2252,988
early-a,all-animals,250,60,2500,14,7,60000,92.58333333333331,394.25,6548,1064
early-a,all-animals,250,60,2500,15,8,60000,77.375,471.625,10125,1140
early-a,all-animals,250,60,2500,16,9,60000,61.66666666666663,533.2916666666666,1362,1216
early-a,all-animals,250,60,2500,17,11,60000,68.625,601.9166666666666,7799,1292
early-a,all-animals,250,60,2500,18,12,60000,59.91666666666674,661.8333333333334,4537,1368
early-a,all-animals,250,60,2500,19,14,120000,120.20833333333326,782.0416666666666,4221,1444
early-a,all-animals,250,60,5000,5,1,2500,34.5,34.5,506,290
early-a,all-animals,250,60,5000,6,1,5000,21.833333333333336,56.333333333333336,628,348
early-a,all-animals,250,60,5000,7,2,6500,18.166666666666664,74.5,587,532
early-a,all-animals,250,60,5000,8,2,8000,22.83333333333333,97.33333333333333,3144,608
early-a,all-animals,250,60,5000,9,3,20000,41.66666666666667,139,2016,684
early-a,all-animals,250,60,5000,10,3,20000,39,178,1244,760
early-a,all-animals,250,60,5000,11,4,20000,40.25,218.25,5297,836
early-a,all-animals,250,60,5000,12,5,20000,31.166666666666657,249.41666666666666,919,912
early-a,all-animals,250,60,5000,13,6,60000,103.83333333333334,353.25,3004,988
early-a,all-animals,250,60,5000,14,8,60000,85.25,438.5,1367,1064
early-a,all-animals,250,60,5000,15,9,60000,85.5,524,2273,1140
early-a,all-animals,250,60,5000,16,11,60000,78.16666666666663,602.1666666666666,5306,1216
early-a,all-animals,250,60,5000,17,12,60000,81.75,683.9166666666666,5487,1292
early-a,all-animals,250,60,5000,18,13,60000,79.25,763.1666666666666,1797,1368
early-b,crops,20,15,2500,5,2,3500,28.083333333333332,28.083333333333332,348,160
early-b,crops,20,15,2500,6,4,5500,24.541666666666668,52.625,1088,192
early-b,crops,20,15,2500,7,6,7000,30.08333333333333,82.70833333333333,1576,224
early-b,crops,20,15,2500,8,8,8500,30.25,112.95833333333333,1812,256
early-b,crops,20,15,2500,9,12,20000,52.500000000000014,165.45833333333334,3284,522
early-b,crops,20,15,2500,10,14,20000,30.041666666666657,195.5,3516,580
early-b,crops,20,15,5000,5,3,3500,30.5,30.5,560,100
early-b,crops,20,15,5000,6,4,5500,28.916666666666664,59.416666666666664,380,192
early-b,crops,20,15,5000,7,7,7000,31.333333333333336,90.75,1804,224
early-b,crops,20,15,5000,8,9,8500,30.08333333333333,120.83333333333333,2040,256
early-b,crops,20,15,5000,9,13,20000,60.08333333333333,180.91666666666666,4008,522
early-b,crops,20,30,2500,5,1,3500,28.208333333333332,28.208333333333332,348,160
early-b,crops,20,30,2500,6,2,5500,24.458333333333332,52.666666666666664,1088,192
early-b,crops,20,30,2500,7,3,7000,30.166666666666664,82.83333333333333,1576,224
early-b,crops,20,30,2500,8,4,8500,30.41666666666667,113.25,1812,256
early-b,crops,20,30,2500,9,6,20000,62.625,175.875,3284,522
early-b,crops,20,30,2500,10,8,20000,34.625,210.5,3516,580
early-b,crops,20,30,2500,11,9,20000,42.91666666666666,253.41666666666666,5996,638
early-b,crops,20,30,2500,12,10,20000,30.166666666666657,283.5833333333333,4542,696
early-b,crops,20,30,2500,13,13,60000,93.125,376.7083333333333,7048,988
early-b,crops,20,30,5000,5,2,3500,30.5,30.5,560,100
early-b,crops,20,30,5000,6,3,5500,30.083333333333336,60.583333333333336,380,192
early-b,crops,20,30,5000,7,4,7000,30.166666666666664,90.75,868,224
early-b,crops,20,30,5000,8,5,8500,30.08333333333333,120.83333333333333,1104,256
early-b,crops,20,30,5000,9,7,20000,60.16666666666667,181,1572,522
early-b,crops,20,30,5000,10,8,20000,43.58333333333334,224.58333333333334,1804,580
early-b,crops,20,30,5000,11,9,20000,43.83333333333334,268.4166666666667,3722,638
early-b,crops,20,30,5000,12,10,20000,30.41666666666663,298.8333333333333,1144,696
early-b,crops,20,30,5000,13,14,60000,109.58333333333337,408.4166666666667,6690,988
early-b,crops,20,60,2500,5,1,3500,28.208333333333332,28.208333333333332,348,160
early-b,crops,20,60,2500,6,1,5500,29.916666666666668,58.125,1088,192
early-b,crops,20,60,2500,7,2,7000,24.875,83,1576,224
early-b,crops,20,60,2500,8,2,8500,30.58333333333333,113.58333333333333,1812,256
early-b,crops,20,60,2500,9,3,20000,63.125000000000014,176.70833333333334,3284,522
early-b,crops,20,60,2500,10,4,20000,42.16666666666666,218.875,3516,580
early-b,crops,20,60,2500,11,5,20000,47.416666666666686,266.2916666666667,5996,638
early-b,crops,20,60,2500,12,6,20000,34.333333333333314,300.625,4542,696
early-b,crops,20,60,2500,13,7,60000,108.20833333333331,408.8333333333333,7048,988
early-b,crops,20,60,2500,14,9,60000,88,496.8333333333333,5080,1064
early-b,crops,20,60,2500,15,10,60000,92.54166666666669,589.375,7576,1140
early-b,crops,20,60,2500,16,12,60000,71.41666666666663,660.7916666666666,3376,1216
early-b,crops,20,60,2500,17,13,60000,76.45833333333337,737.25,2896,1292
early-b,crops,20,60,2500,18,14,60000,76.58333333333337,813.8333333333334,6136,1368
early-b,crops,20,60,5000,5,1,3500,33.916666666666664,33.916666666666664,560,100
early-b,crops,20,60,5000,6,2,5500,26.66666666666667,60.583333333333336,380,192
early-b,crops,20,60,5000,7,2,7000,32.49999999999999,93.08333333333333,868,224
early-b,crops,20,60,5000,8,3,8500,27.75,120.83333333333333,1104,256
early-b,crops,20,60,5000,9,4,20000,72.83333333333333,193.66666666666666,2768,522
early-b,crops,20,60,5000,10,5,20000,47.33333333333334,241,4240,580
early-b,crops,20,60,5000,11,5,20000,41.416666666666686,282.4166666666667,1100,638
early-b,crops,20,60,5000,12,6,20000,46.66666666666663,329.0833333333333,5828,696
early-b,crops,20,60,5000,13,8,60000,109.33333333333337,438.4166666666667,6332,988
early-b,crops,20,60,5000,14,9,60000,94.74999999999994,533.1666666666666,4364,1064
early-b,crops,20,60,5000,15,11,60000,85.75,618.9166666666666,6860,1140
early-b,crops,20,60,5000,16,12,60000,77.83333333333337,696.75,2660,1216
early-b,crops,20,60,5000,17,13,60000,78.25,775,2180,1292
early-b,crops,250,15,2500,5,2,3500,28.083333333333332,28.083333333333332,578,160
early-b,crops,250,15,2500,6,4,5500,24.541666666666668,52.625,1318,192
early-b,crops,250,15,2500,7,6,7000,30.08333333333333,82.70833333333333,1806,224
early-b,crops,250,15,2500,8,8,8500,30.25,112.95833333333333,2042,256
early-b,crops,250,15,2500,9,12,20000,52.500000000000014,165.45833333333334,3514,522
early-b,crops,250,15,2500,10,14,20000,30.041666666666657,195.5,3746,580
early-b,crops,250,15,5000,5,3,3500,30.5,30.5,790,100
early-b,crops,250,15,5000,6,4,5500,28.916666666666664,59.416666666666664,610,192
early-b,crops,250,15,5000,7,7,7000,31.333333333333336,90.75,2034,224
early-b,crops,250,15,5000,8,9,8500,30.08333333333333,120.83333333333333,2270,256
early-b,crops,250,15,5000,9,13,20000,60.08333333333333,180.91666666666666,4238,522
early-b,crops,250,30,2500,5,1,3500,28.208333333333332,28.208333333333332,578,160
early-b,crops,250,30,2500,6,2,5500,24.458333333333332,52.666666666666664,1318,192
early-b,crops,250,30,2500,7,3,7000,30.166666666666664,82.83333333333333,1806,224
early-b,crops,250,30,2500,8,4,8500,30.41666666666667,113.25,2042,256
early-b,crops,250,30,2500,9,6,20000,62.625,175.875,3514,522
early-b,crops,250,30,2500,10,8,20000,34.625,210.5,3746,580
early-b,crops,250,30,2500,11,9,20000,42.91666666666666,253.41666666666666,6226,638
early-b,crops,250,30,2500,12,10,20000,30.166666666666657,283.5833333333333,4772,696
early-b,crops,250,30,2500,13,13,60000,93.125,376.7083333333333,7278,988
early-b,crops,250,30,5000,5,2,3500,30.5,30.5,790,100
early-b,crops,250,30,5000,6,3,5500,30.083333333333336,60.583333333333336,610,192
early-b,crops,250,30,5000,7,4,7000,30.166666666666664,90.75,1098,224
early-b,crops,250,30,5000,8,5,8500,30.08333333333333,120.83333333333333,1334,256
early-b,crops,250,30,5000,9,7,20000,60.16666666666667,181,1802,522
early-b,crops,250,30,5000,10,8,20000,43.58333333333334,224.58333333333334,2034,580
early-b,crops,250,30,5000,11,9,20000,43.83333333333334,268.4166666666667,3952,638
early-b,crops,250,30,5000,12,10,20000,30.41666666666663,298.8333333333333,1374,696
early-b,crops,250,30,5000,13,14,60000,109.58333333333337,408.4166666666667,6920,988
early-b,crops,250,60,2500,5,1,3500,28.208333333333332,28.208333333333332,578,160
early-b,crops,250,60,2500,6,1,5500,29.916666666666668,58.125,1318,192
early-b,crops,250,60,2500,7,2,7000,24.875,83,1806,224
early-b,crops,250,60,2500,8,2,8500,30.58333333333333,113.58333333333333,2042,256
early-b,crops,250,60,2500,9,3,20000,63.125000000000014,176.70833333333334,3514,522
early-b,crops,250,60,2500,10,4,20000,42.16666666666666,218.875,3746,580
early-b,crops,250,60,2500,11,5,20000,47.416666666666686,266.2916666666667,6226,638
early-b,crops,250,60,2500,12,6,20000,34.333333333333314,300.625,4772,696
early-b,crops,250,60,2500,13,7,60000,108.20833333333331,408.8333333333333,7278,988
early-b,crops,250,60,2500,14,9,60000,88,496.8333333333333,5310,1064
early-b,crops,250,60,2500,15,10,60000,92.54166666666669,589.375,7806,1140
early-b,crops,250,60,2500,16,12,60000,71.41666666666663,660.7916666666666,3606,1216
early-b,crops,250,60,2500,17,13,60000,76.45833333333337,737.25,3126,1292
early-b,crops,250,60,2500,18,14,60000,76.58333333333337,813.8333333333334,6366,1368
early-b,crops,250,60,5000,5,1,3500,33.916666666666664,33.916666666666664,790,100
early-b,crops,250,60,5000,6,2,5500,26.66666666666667,60.583333333333336,610,192
early-b,crops,250,60,5000,7,2,7000,32.49999999999999,93.08333333333333,1098,224
early-b,crops,250,60,5000,8,3,8500,27.75,120.83333333333333,1334,256
early-b,crops,250,60,5000,9,4,20000,72.83333333333333,193.66666666666666,2998,522
early-b,crops,250,60,5000,10,5,20000,47.33333333333334,241,4470,580
early-b,crops,250,60,5000,11,5,20000,41.416666666666686,282.4166666666667,1330,638
early-b,crops,250,60,5000,12,6,20000,46.66666666666663,329.0833333333333,6058,696
early-b,crops,250,60,5000,13,8,60000,109.33333333333337,438.4166666666667,6562,988
early-b,crops,250,60,5000,14,9,60000,94.74999999999994,533.1666666666666,4594,1064
early-b,crops,250,60,5000,15,11,60000,85.75,618.9166666666666,7090,1140
early-b,crops,250,60,5000,16,12,60000,77.83333333333337,696.75,2890,1216
early-b,crops,250,60,5000,17,13,60000,78.25,775,2410,1292
early-b,orders,20,15,2500,5,2,3500,22.75,22.75,817,160
early-b,orders,20,15,2500,6,4,5500,22.583333333333336,45.333333333333336,226,192
early-b,orders,20,15,2500,7,5,7000,27.583333333333336,72.91666666666667,996,406
early-b,orders,20,15,2500,8,6,8500,15.25,88.16666666666667,666,464
early-b,orders,20,15,2500,9,10,20000,47.41666666666667,135.58333333333334,5175,684
early-b,orders,20,15,2500,10,13,20000,44.958333333333314,180.54166666666666,5160,760
early-b,orders,20,15,5000,5,2,3500,28.25,28.25,251,160
early-b,orders,20,15,5000,6,4,5500,25.5,53.75,921,192
early-b,orders,20,15,5000,7,6,7000,22.16666666666667,75.91666666666667,2298,406
early-b,orders,20,15,5000,8,7,8500,27.83333333333333,103.75,2728,464
early-b,orders,20,15,5000,9,11,20000,47.25,151,5554,684
early-b,orders,20,15,5000,10,14,20000,45.25,196.25,5556,760
early-b,orders,20,30,2500,5,1,3500,27.791666666666668,27.791666666666668,473,160
early-b,orders,20,30,2500,6,2,5500,23.874999999999996,51.666666666666664,226,192
early-b,orders,20,30,2500,7,3,7000,21.333333333333336,73,1472,406
early-b,orders,20,30,2500,8,4,8500,17.54166666666667,90.54166666666667,582,464
early-b,orders,20,30,2500,9,5,20000,45.749999999999986,136.29166666666666,990,684
early-b,orders,20,30,2500,10,7,20000,44.33333333333334,180.625,997,760
early-b,orders,20,30,2500,11,8,20000,45.91666666666666,226.54166666666666,3209,836
early-b,orders,20,30,2500,12,10,20000,44.16666666666666,270.7083333333333,7680,912
early-b,orders,20,30,2500,13,13,60000,90.08333333333337,360.7916666666667,1059,988
early-b,orders,20,30,5000,5,1,3500,29,29,251,160
early-b,orders,20,30,5000,6,2,5500,25.083333333333336,54.083333333333336,921,192
early-b,orders,20,30,5000,7,3,7000,32.583333333333336,86.66666666666667,2527,406
early-b,orders,20,30,5000,8,4,8500,17.5,104.16666666666667,968,464
early-b,orders,20,30,5000,9,6,20000,46.999999999999986,151.16666666666666,1589,684
early-b,orders,20,30,5000,10,7,20000,47.08333333333334,198.25,1549,760
early-b,orders,20,30,5000,11,9,20000,43.08333333333334,241.33333333333334,3808,836
early-b,orders,20,30,5000,12,10,20000,46.24999999999997,287.5833333333333,4157,912
early-b,orders,20,30,5000,13,13,60000,91.58333333333337,379.1666666666667,1160,988
early-b,orders,20,60,2500,5,1,3500,27.791666666666668,27.791666666666668,473,160
early-b,orders,20,60,2500,6,1,5500,24.416666666666668,52.208333333333336,226,192
early-b,orders,20,60,2500,7,2,7000,20.791666666666664,73,1472,406
early-b,orders,20,60,2500,8,2,8500,26.29166666666667,99.29166666666667,520,464
early-b,orders,20,60,2500,9,3,20000,52.91666666666667,152.20833333333334,1640,684
early-b,orders,20,60,2500,10,4,20000,44.208333333333314,196.41666666666666,1696,760
early-b,orders,20,60,2500,11,5,20000,44.25,240.66666666666666,3935,836
early-b,orders,20,60,2500,12,5,20000,48.16666666666666,288.8333333333333,8403,912
early-b,orders,20,60,2500,13,7,60000,88.08333333333337,376.9166666666667,1782,988
early-b,orders,20,60,2500,14,9,60000,103.875,480.7916666666667,8876,1064
early-b,orders,20,60,2500,15,10,60000,92.62499999999994,573.4166666666666,11087,1140
early-b,orders,20,60,2500,16,11,60000,76.5,649.9166666666666,6492,1216
early-b,orders,20,60,2500,17,13,60000,71,720.9166666666666,5390,1292
early-b,orders,20,60,2500,18,14,60000,76.25,797.1666666666666,4135,1368
early-b,orders,20,60,5000,5,1,3500,29,29,251,160
early-b,orders,20,60,5000,6,1,5500,28.416666666666664,57.416666666666664,577,192
early-b,orders,20,60,5000,7,2,7000,29.666666666666664,87.08333333333333,2382,406
early-b,orders,20,60,5000,8,2,8500,26.333333333333343,113.41666666666667,480,464
early-b,orders,20,60,5000,9,3,20000,53.749999999999986,167.16666666666666,2323,684
early-b,orders,20,60,5000,10,4,20000,47.75,214.91666666666666,3050,760
early-b,orders,20,60,5000,11,5,20000,43.41666666666666,258.3333333333333,5038,836
early-b,orders,20,60,5000,12,5,20000,34.166666666666686,292.5,1343,912
early-b,orders,20,60,5000,13,7,60000,103.91666666666669,396.4166666666667,3134,988
early-b,orders,20,60,5000,14,9,60000,101.16666666666663,497.5833333333333,3421,1064
early-b,orders,20,60,5000,15,10,60000,79.41666666666669,577,1666,1140
early-b,orders,20,60,5000,16,12,60000,84.75,661.75,7507,1216
early-b,orders,20,60,5000,17,13,60000,78,739.75,6308,1292
early-b,orders,20,60,5000,18,14,60000,77,816.75,1522,1368
early-b,orders,250,15,2500,5,2,3500,22.75,22.75,1047,160
early-b,orders,250,15,2500,6,4,5500,22.583333333333336,45.333333333333336,456,192
early-b,orders,250,15,2500,7,5,7000,27.583333333333336,72.91666666666667,1226,406
early-b,orders,250,15,2500,8,6,8500,15.25,88.16666666666667,896,464
early-b,orders,250,15,2500,9,10,20000,47.41666666666667,135.58333333333334,5405,684
early-b,orders,250,15,2500,10,13,20000,44.958333333333314,180.54166666666666,5390,760
early-b,orders,250,15,5000,5,2,3500,23.416666666666668,23.416666666666668,234,160
early-b,orders,250,15,5000,6,4,5500,30.333333333333332,53.75,1151,192
early-b,orders,250,15,5000,7,6,7000,22.16666666666667,75.91666666666667,2528,406
early-b,orders,250,15,5000,8,7,8500,26.83333333333333,102.75,536,464
early-b,orders,250,15,5000,9,11,20000,48.25,151,5784,684
early-b,orders,250,15,5000,10,14,20000,45.25,196.25,5786,760
early-b,orders,250,30,2500,5,1,3500,27.791666666666668,27.791666666666668,703,160
early-b,orders,250,30,2500,6,2,5500,17.499999999999996,45.291666666666664,261,192
early-b,orders,250,30,2500,7,3,7000,27.708333333333336,73,1702,406
early-b,orders,250,30,2500,8,4,8500,17.54166666666667,90.54166666666667,812,464
early-b,orders,250,30,2500,9,5,20000,45.749999999999986,136.29166666666666,1220,684
early-b,orders,250,30,2500,10,7,20000,44.33333333333334,180.625,1227,760
early-b,orders,250,30,2500,11,8,20000,45.91666666666666,226.54166666666666,3439,836
early-b,orders,250,30,2500,12,10,20000,44.16666666666666,270.7083333333333,7910,912
early-b,orders,250,30,2500,13,13,60000,90.08333333333337,360.7916666666667,1289,988
early-b,orders,250,30,5000,5,1,3500,26.416666666666668,26.416666666666668,234,160
early-b,orders,250,30,5000,6,2,5500,27.666666666666668,54.083333333333336,1151,192
early-b,orders,250,30,5000,7,3,7000,32.583333333333336,86.66666666666667,2757,406
early-b,orders,250,30,5000,8,4,8500,17.5,104.16666666666667,1198,464
early-b,orders,250,30,5000,9,6,20000,46.999999999999986,151.16666666666666,1819,684
early-b,orders,250,30,5000,10,7,20000,47.08333333333334,198.25,1779,760
early-b,orders,250,30,5000,11,9,20000,43.08333333333334,241.33333333333334,4038,836
early-b,orders,250,30,5000,12,10,20000,46.24999999999997,287.5833333333333,4387,912
early-b,orders,250,30,5000,13,13,60000,91.58333333333337,379.1666666666667,1390,988
early-b,orders,250,60,2500,5,1,3500,27.791666666666668,27.791666666666668,703,160
early-b,orders,250,60,2500,6,1,5500,22.249999999999996,50.041666666666664,209,192
early-b,orders,250,60,2500,7,2,7000,22.958333333333336,73,1702,406
early-b,orders,250,60,2500,8,2,8500,26.29166666666667,99.29166666666667,750,464
early-b,orders,250,60,2500,9,3,20000,52.91666666666667,152.20833333333334,1870,684
early-b,orders,250,60,2500,10,4,20000,44.208333333333314,196.41666666666666,1926,760
early-b,orders,250,60,2500,11,5,20000,44.25,240.66666666666666,4165,836
early-b,orders,250,60,2500,12,5,20000,48.16666666666666,288.8333333333333,8633,912
early-b,orders,250,60,2500,13,7,60000,88.08333333333337,376.9166666666667,2012,988
early-b,orders,250,60,2500,14,9,60000,103.875,480.7916666666667,9106,1064
early-b,orders,250,60,2500,15,10,60000,92.62499999999994,573.4166666666666,11317,1140
early-b,orders,250,60,2500,16,11,60000,76.5,649.9166666666666,6722,1216
early-b,orders,250,60,2500,17,13,60000,71,720.9166666666666,5620,1292
early-b,orders,250,60,2500,18,14,60000,76.25,797.1666666666666,4365,1368
early-b,orders,250,60,5000,5,1,3500,26.416666666666668,26.416666666666668,234,160
early-b,orders,250,60,5000,6,1,5500,31.666666666666668,58.083333333333336,1151,192
early-b,orders,250,60,5000,7,2,7000,28.999999999999993,87.08333333333333,2612,406
early-b,orders,250,60,5000,8,2,8500,26.333333333333343,113.41666666666667,710,464
early-b,orders,250,60,5000,9,3,20000,53.749999999999986,167.16666666666666,2553,684
early-b,orders,250,60,5000,10,4,20000,47.75,214.91666666666666,3280,760
early-b,orders,250,60,5000,11,5,20000,42.33333333333334,257.25,997,836
early-b,orders,250,60,5000,12,5,20000,35.416666666666686,292.6666666666667,1649,912
early-b,orders,250,60,5000,13,7,60000,103.75,396.4166666666667,3364,988
early-b,orders,250,60,5000,14,9,60000,101.16666666666663,497.5833333333333,3651,1064
early-b,orders,250,60,5000,15,10,60000,79.41666666666669,577,1896,1140
early-b,orders,250,60,5000,16,12,60000,84.75,661.75,7737,1216
early-b,orders,250,60,5000,17,13,60000,78,739.75,6538,1292
early-b,orders,250,60,5000,18,14,60000,77,816.75,1752,1368
early-b,combined-current,20,15,2500,5,2,3500,29.125,29.125,265,160
early-b,combined-current,20,15,2500,6,4,5500,16.541666666666664,45.666666666666664,2396,348
early-b,combined-current,20,15,2500,7,5,7000,15.125,60.791666666666664,2463,532
early-b,combined-current,20,15,2500,8,7,8500,30.083333333333336,90.875,5768,608
early-b,combined-current,20,15,2500,9,10,20000,44.95833333333334,135.83333333333334,5699,684
early-b,combined-current,20,15,2500,10,12,20000,40.25,176.08333333333334,806,760
early-b,combined-current,20,15,5000,5,3,3500,30.833333333333332,30.833333333333332,829,160
early-b,combined-current,20,15,5000,6,4,5500,21.333333333333332,52.166666666666664,422,348
early-b,combined-current,20,15,5000,7,5,7000,21.583333333333336,73.75,876,532
early-b,combined-current,20,15,5000,8,7,8500,17.41666666666667,91.16666666666667,671,608
early-b,combined-current,20,15,5000,9,11,20000,60.499999999999986,151.66666666666666,6189,684
early-b,combined-current,20,15,5000,10,13,20000,41.416666666666686,193.08333333333334,800,760
early-b,combined-current,20,30,2500,5,1,3500,28.541666666666668,28.541666666666668,176,160
early-b,combined-current,20,30,2500,6,2,5500,23.624999999999996,52.166666666666664,354,348
early-b,combined-current,20,30,2500,7,3,7000,23.625000000000007,75.79166666666667,553,532
early-b,combined-current,20,30,2500,8,4,8500,15.083333333333329,90.875,2139,608
early-b,combined-current,20,30,2500,9,5,20000,45.79166666666666,136.66666666666666,1990,684
early-b,combined-current,20,30,2500,10,7,20000,44.166666666666686,180.83333333333334,4100,760
early-b,combined-current,20,30,2500,11,8,20000,43.5,224.33333333333334,856,836
early-b,combined-current,20,30,2500,12,9,20000,32.70833333333334,257.0416666666667,6841,912
early-b,combined-current,20,30,2500,13,12,60000,90.16666666666663,347.2083333333333,4351,988
early-b,combined-current,20,30,5000,5,2,3500,31.416666666666668,31.416666666666668,829,160
early-b,combined-current,20,30,5000,6,2,5500,21.166666666666668,52.583333333333336,407,348
early-b,combined-current,20,30,5000,7,3,7000,22.666666666666664,75.25,951,532
early-b,combined-current,20,30,5000,8,4,8500,32.66666666666667,107.91666666666667,3119,608
early-b,combined-current,20,30,5000,9,6,20000,43.66666666666667,151.58333333333334,3000,684
early-b,combined-current,20,30,5000,10,7,20000,46.5,198.08333333333334,1953,760
early-b,combined-current,20,30,5000,11,9,20000,43.91666666666666,242,8075,836
early-b,combined-current,20,30,5000,12,10,20000,29.916666666666686,271.9166666666667,5394,912
early-b,combined-current,20,30,5000,13,13,60000,90.33333333333331,362.25,1624,988
early-b,combined-current,20,60,2500,5,1,3500,28.541666666666668,28.541666666666668,176,160
early-b,combined-current,20,60,2500,6,1,5500,23.458333333333332,52,349,348
early-b,combined-current,20,60,2500,7,2,7000,24.375,76.375,4111,532
early-b,combined-current,20,60,2500,8,2,8500,16.41666666666667,92.79166666666667,1333,608
early-b,combined-current,20,60,2500,9,3,20000,43.874999999999986,136.66666666666666,1339,684
early-b,combined-current,20,60,2500,10,4,20000,44.291666666666686,180.95833333333334,3524,760
early-b,combined-current,20,60,2500,11,4,20000,46.29166666666666,227.25,1139,836
early-b,combined-current,20,60,2500,12,5,20000,29.791666666666686,257.0416666666667,5482,912
early-b,combined-current,20,60,2500,13,6,60000,93.08333333333331,350.125,2765,988
early-b,combined-current,20,60,2500,14,8,60000,87,437.125,4053,1064
early-b,combined-current,20,60,2500,15,9,60000,93.16666666666663,530.2916666666666,7248,1140
early-b,combined-current,20,60,2500,16,11,60000,70.95833333333337,601.25,8992,1216
early-b,combined-current,20,60,2500,17,12,60000,76.79166666666663,678.0416666666666,11597,1292
early-b,combined-current,20,60,2500,18,13,60000,60.29166666666674,738.3333333333334,4431,1368
early-b,combined-current,20,60,5000,5,1,3500,35.166666666666664,35.166666666666664,1078,160
early-b,combined-current,20,60,5000,6,1,5500,21,56.166666666666664,521,348
early-b,combined-current,20,60,5000,7,2,7000,18.666666666666664,74.83333333333333,724,532
early-b,combined-current,20,60,5000,8,2,8500,33.66666666666667,108.5,1072,608
early-b,combined-current,20,60,5000,9,3,20000,46.25,154.75,1289,684
early-b,combined-current,20,60,5000,10,4,20000,43.33333333333334,198.08333333333334,1875,760
early-b,combined-current,20,60,5000,11,5,20000,43.833333333333314,241.91666666666666,7845,836
early-b,combined-current,20,60,5000,12,5,20000,36.00000000000003,277.9166666666667,5507,912
early-b,combined-current,20,60,5000,13,7,60000,84.16666666666663,362.0833333333333,1375,988
early-b,combined-current,20,60,5000,14,8,60000,97.08333333333337,459.1666666666667,1734,1064
early-b,combined-current,20,60,5000,15,10,60000,81.91666666666669,541.0833333333334,1142,1140
early-b,combined-current,20,60,5000,16,11,60000,95.91666666666663,637,3009,1216
early-b,combined-current,20,60,5000,17,12,60000,78.33333333333337,715.3333333333334,3164,1292
early-b,combined-current,20,60,5000,18,14,60000,66.66666666666663,782,7062,1368
early-b,combined-current,250,15,2500,5,2,3500,25.791666666666668,25.791666666666668,321,160
early-b,combined-current,250,15,2500,6,4,5500,19.874999999999996,45.666666666666664,2604,348
early-b,combined-current,250,15,2500,7,5,7000,15.125,60.791666666666664,2671,532
early-b,combined-current,250,15,2500,8,6,8500,28.541666666666664,89.33333333333333,695,608
early-b,combined-current,250,15,2500,9,10,20000,46.500000000000014,135.83333333333334,6651,684
early-b,combined-current,250,15,2500,10,12,20000,30.041666666666657,165.875,1432,760
early-b,combined-current,250,15,5000,5,2,3500,29.166666666666668,29.166666666666668,171,160
early-b,combined-current,250,15,5000,6,4,5500,17.166666666666668,46.333333333333336,1103,348
early-b,combined-current,250,15,5000,7,5,7000,27.416666666666664,73.75,1840,532
early-b,combined-current,250,15,5000,8,7,8500,17.83333333333333,91.58333333333333,1691,608
early-b,combined-current,250,15,5000,9,10,20000,44.83333333333333,136.41666666666666,1087,684
early-b,combined-current,250,15,5000,10,13,20000,45.166666666666686,181.58333333333334,2640,760
early-b,combined-current,250,30,2500,5,1,3500,25.791666666666668,25.791666666666668,247,160
early-b,combined-current,250,30,2500,6,2,5500,26.374999999999996,52.166666666666664,562,348
early-b,combined-current,250,30,2500,7,3,7000,21.875000000000007,74.04166666666667,577,532
early-b,combined-current,250,30,2500,8,4,8500,16.83333333333333,90.875,3091,608
early-b,combined-current,250,30,2500,9,5,20000,45.79166666666666,136.66666666666666,2942,684
early-b,combined-current,250,30,2500,10,7,20000,44.166666666666686,180.83333333333334,5052,760
early-b,combined-current,250,30,2500,11,8,20000,30.166666666666657,211,1321,836
early-b,combined-current,250,30,2500,12,9,20000,46.041666666666686,257.0416666666667,7715,912
early-b,combined-current,250,30,2500,13,12,60000,90.16666666666663,347.2083333333333,5225,988
early-b,combined-current,250,30,5000,5,1,3500,29.166666666666668,29.166666666666668,267,160
early-b,combined-current,250,30,5000,6,2,5500,23.499999999999996,52.666666666666664,1079,348
early-b,combined-current,250,30,5000,7,3,7000,22.583333333333336,75.25,1603,532
early-b,combined-current,250,30,5000,8,4,8500,32.33333333333333,107.58333333333333,2772,608
early-b,combined-current,250,30,5000,9,6,20000,43.83333333333333,151.41666666666666,3637,684
early-b,combined-current,250,30,5000,10,7,20000,45.75,197.16666666666666,1567,760
early-b,combined-current,250,30,5000,11,8,20000,41,238.16666666666666,928,836
early-b,combined-current,250,30,5000,12,10,20000,33.91666666666666,272.0833333333333,6599,912
early-b,combined-current,250,30,5000,13,13,60000,90,362.0833333333333,2887,988
early-b,combined-current,250,60,2500,5,1,3500,25.791666666666668,25.791666666666668,247,160
early-b,combined-current,250,60,2500,6,1,5500,26.208333333333332,52,562,348
early-b,combined-current,250,60,2500,7,2,7000,24.33333333333333,76.33333333333333,4344,532
early-b,combined-current,250,60,2500,8,2,8500,15.625,91.95833333333333,693,608
early-b,combined-current,250,60,2500,9,3,20000,44.70833333333333,136.66666666666666,1572,684
early-b,combined-current,250,60,2500,10,4,20000,44.291666666666686,180.95833333333334,3757,760
early-b,combined-current,250,60,2500,11,4,20000,46.29166666666666,227.25,1372,836
early-b,combined-current,250,60,2500,12,5,20000,29.791666666666686,257.0416666666667,5715,912
early-b,combined-current,250,60,2500,13,6,60000,93.08333333333331,350.125,2998,988
early-b,combined-current,250,60,2500,14,8,60000,87,437.125,4286,1064
early-b,combined-current,250,60,2500,15,9,60000,93.16666666666663,530.2916666666666,7481,1140
early-b,combined-current,250,60,2500,16,11,60000,70.95833333333337,601.25,9225,1216
early-b,combined-current,250,60,2500,17,12,60000,76.79166666666663,678.0416666666666,11830,1292
early-b,combined-current,250,60,2500,18,13,60000,60.29166666666674,738.3333333333334,4664,1368
early-b,combined-current,250,60,5000,5,1,3500,29.166666666666668,29.166666666666668,267,160
early-b,combined-current,250,60,5000,6,1,5500,29.749999999999996,58.916666666666664,385,348
early-b,combined-current,250,60,5000,7,2,7000,16.583333333333336,75.5,742,532
early-b,combined-current,250,60,5000,8,2,8500,33.33333333333333,108.83333333333333,939,608
early-b,combined-current,250,60,5000,9,3,20000,46.16666666666667,155,1271,684
early-b,combined-current,250,60,5000,10,4,20000,43.08333333333334,198.08333333333334,1857,760
early-b,combined-current,250,60,5000,11,5,20000,43.833333333333314,241.91666666666666,7827,836
early-b,combined-current,250,60,5000,12,5,20000,36.00000000000003,277.9166666666667,5489,912
early-b,combined-current,250,60,5000,13,7,60000,84.16666666666663,362.0833333333333,1357,988
early-b,combined-current,250,60,5000,14,8,60000,97.08333333333337,459.1666666666667,1716,1064
early-b,combined-current,250,60,5000,15,10,60000,95.24999999999994,554.4166666666666,1184,1140
early-b,combined-current,250,60,5000,16,11,60000,82.33333333333337,636.75,2781,1216
early-b,combined-current,250,60,5000,17,12,60000,78.41666666666663,715.1666666666666,2936,1292
early-b,combined-current,250,60,5000,18,14,60000,66.75,781.9166666666666,7654,1368
early-b,combined-premium20,20,15,2500,5,2,3500,25.791666666666668,25.791666666666668,177,160
early-b,combined-premium20,20,15,2500,6,4,5500,19.874999999999996,45.666666666666664,2572,348
early-b,combined-premium20,20,15,2500,7,5,7000,15.125,60.791666666666664,3629,532
early-b,combined-premium20,20,15,2500,8,6,8500,15.000000000000007,75.79166666666667,1103,608
early-b,combined-premium20,20,15,2500,9,9,20000,45.125,120.91666666666667,1291,684
early-b,combined-premium20,20,15,2500,10,12,20000,44.95833333333333,165.875,3694,760
early-b,combined-premium20,20,15,5000,5,3,3500,30.833333333333332,30.833333333333332,909,160
early-b,combined-premium20,20,15,5000,6,4,5500,15.500000000000004,46.333333333333336,376,348
early-b,combined-premium20,20,15,5000,7,6,7000,28.916666666666664,75.25,2085,532
early-b,combined-premium20,20,15,5000,8,8,8500,31.5,106.75,5376,608
early-b,combined-premium20,20,15,5000,9,11,20000,44.66666666666666,151.41666666666666,4980,684
early-b,combined-premium20,20,15,5000,10,14,20000,45.166666666666686,196.58333333333334,6816,760
early-b,combined-premium20,20,30,2500,5,1,3500,28.541666666666668,28.541666666666668,176,160
early-b,combined-premium20,20,30,2500,6,2,5500,23.624999999999996,52.166666666666664,466,348
early-b,combined-premium20,20,30,2500,7,3,7000,21.875000000000007,74.04166666666667,593,532
early-b,combined-premium20,20,30,2500,8,4,8500,16.83333333333333,90.875,3203,608
early-b,combined-premium20,20,30,2500,9,5,20000,45.79166666666666,136.66666666666666,3278,684
early-b,combined-premium20,20,30,2500,10,7,20000,44.166666666666686,180.83333333333334,5612,760
early-b,combined-premium20,20,30,2500,11,8,20000,30.166666666666657,211,2041,836
early-b,combined-premium20,20,30,2500,12,9,20000,46,257,8721,912
early-b,combined-premium20,20,30,2500,13,12,60000,90.20833333333331,347.2083333333333,6663,988
early-b,combined-premium20,20,30,5000,5,2,3500,31.416666666666668,31.416666666666668,893,160
early-b,combined-premium20,20,30,5000,6,2,5500,21.166666666666668,52.583333333333336,567,348
early-b,combined-premium20,20,30,5000,7,3,7000,22.666666666666664,75.25,1223,532
early-b,combined-premium20,20,30,5000,8,4,8500,32.5,107.75,3535,608
early-b,combined-premium20,20,30,5000,9,6,20000,43.91666666666666,151.66666666666666,3648,684
early-b,combined-premium20,20,30,5000,10,7,20000,46.416666666666686,198.08333333333334,2860,760
early-b,combined-premium20,20,30,5000,11,8,20000,32,230.08333333333334,1344,836
early-b,combined-premium20,20,30,5000,12,10,20000,41.83333333333334,271.9166666666667,7381,912
early-b,combined-premium20,20,30,5000,13,13,60000,90.33333333333331,362.25,3995,988
early-b,combined-premium20,20,60,2500,5,1,3500,28.541666666666668,28.541666666666668,176,160
early-b,combined-premium20,20,60,2500,6,1,5500,23.458333333333332,52,349,348
early-b,combined-premium20,20,60,2500,7,2,7000,24.41666666666667,76.41666666666667,4191,532
early-b,combined-premium20,20,60,2500,8,2,8500,15.625,92.04166666666667,620,608
early-b,combined-premium20,20,60,2500,9,3,20000,44.624999999999986,136.66666666666666,1723,684
early-b,combined-premium20,20,60,2500,10,4,20000,44.291666666666686,180.95833333333334,4148,760
early-b,combined-premium20,20,60,2500,11,4,20000,43.16666666666666,224.125,914,836
early-b,combined-premium20,20,60,2500,12,5,20000,32.958333333333314,257.0833333333333,7218,912
early-b,combined-premium20,20,60,2500,13,6,60000,93.04166666666669,350.125,4981,988
early-b,combined-premium20,20,60,2500,14,8,60000,87,437.125,6685,1064
early-b,combined-premium20,20,60,2500,15,9,60000,77.08333333333337,514.2083333333334,2426,1140
early-b,combined-premium20,20,60,2500,16,10,60000,77.08333333333326,591.2916666666666,1731,1216
early-b,combined-premium20,20,60,2500,17,12,60000,69.91666666666674,661.2083333333334,3743,1292
early-b,combined-premium20,20,60,2500,18,13,60000,76.25,737.4583333333334,6201,1368
early-b,combined-premium20,20,60,5000,5,1,3500,35.166666666666664,35.166666666666664,1158,290
early-b,combined-premium20,20,60,5000,6,2,5500,25.91666666666667,61.083333333333336,2339,348
early-b,combined-premium20,20,60,5000,7,2,7000,29.333333333333336,90.41666666666667,2620,532
early-b,combined-premium20,20,60,5000,8,2,8500,17.666666666666657,108.08333333333333,1756,608
early-b,combined-premium20,20,60,5000,9,3,20000,47.41666666666667,155.5,1072,684
early-b,combined-premium20,20,60,5000,10,4,20000,42.75,198.25,868,760
early-b,combined-premium20,20,60,5000,11,5,20000,43.75,242,6529,836
early-b,combined-premium20,20,60,5000,12,5,20000,36.333333333333314,278.3333333333333,4294,912
early-b,combined-premium20,20,60,5000,13,7,60000,98.91666666666669,377.25,1069,988
early-b,combined-premium20,20,60,5000,14,8,60000,88.33333333333331,465.5833333333333,1136,1064
early-b,combined-premium20,20,60,5000,15,10,60000,76.83333333333331,542.4166666666666,5747,1140
early-b,combined-premium20,20,60,5000,16,11,60000,91.66666666666674,634.0833333333334,1442,1216
early-b,combined-premium20,20,60,5000,17,12,60000,76.66666666666663,710.75,1886,1292
early-b,combined-premium20,20,60,5000,18,13,60000,68.41666666666663,779.1666666666666,3385,1368
early-b,combined-premium20,250,15,2500,5,2,3500,25.791666666666668,25.791666666666668,385,160
early-b,combined-premium20,250,15,2500,6,4,5500,19.874999999999996,45.666666666666664,2780,348
early-b,combined-premium20,250,15,2500,7,5,7000,15.125,60.791666666666664,3837,532
early-b,combined-premium20,250,15,2500,8,6,8500,15.000000000000007,75.79166666666667,1311,608
early-b,combined-premium20,250,15,2500,9,9,20000,45.125,120.91666666666667,1499,684
early-b,combined-premium20,250,15,2500,10,12,20000,44.95833333333333,165.875,3902,760
early-b,combined-premium20,250,15,5000,5,2,3500,27.666666666666668,27.666666666666668,208,160
early-b,combined-premium20,250,15,5000,6,4,5500,18.666666666666668,46.333333333333336,1247,348
early-b,combined-premium20,250,15,5000,7,5,7000,27.416666666666664,73.75,2096,532
early-b,combined-premium20,250,15,5000,8,7,8500,17.83333333333333,91.58333333333333,2043,608
early-b,combined-premium20,250,15,5000,9,10,20000,44.83333333333333,136.41666666666666,1647,684
early-b,combined-premium20,250,15,5000,10,13,20000,45.166666666666686,181.58333333333334,3483,760
early-b,combined-premium20,250,30,2500,5,1,3500,25.791666666666668,25.791666666666668,311,160
early-b,combined-premium20,250,30,2500,6,2,5500,23.374999999999996,49.166666666666664,377,348
early-b,combined-premium20,250,30,2500,7,3,7000,22.250000000000007,71.41666666666667,719,532
early-b,combined-premium20,250,30,2500,8,4,8500,19.45833333333333,90.875,3582,608
early-b,combined-premium20,250,30,2500,9,5,20000,45.79166666666666,136.66666666666666,3657,684
early-b,combined-premium20,250,30,2500,10,7,20000,44.166666666666686,180.83333333333334,5991,760
early-b,combined-premium20,250,30,2500,11,8,20000,30.166666666666657,211,2420,836
early-b,combined-premium20,250,30,2500,12,9,20000,46,257,9100,912
early-b,combined-premium20,250,30,2500,13,12,60000,90.20833333333331,347.2083333333333,7042,988
early-b,combined-premium20,250,30,5000,5,1,3500,29.166666666666668,29.166666666666668,315,160
early-b,combined-premium20,250,30,5000,6,2,5500,23.499999999999996,52.666666666666664,1223,348
early-b,combined-premium20,250,30,5000,7,3,7000,22.583333333333336,75.25,1859,532
early-b,combined-premium20,250,30,5000,8,4,8500,32.33333333333333,107.58333333333333,3172,608
early-b,combined-premium20,250,30,5000,9,6,20000,43.83333333333333,151.41666666666666,4245,684
early-b,combined-premium20,250,30,5000,10,7,20000,45.75,197.16666666666666,2367,760
early-b,combined-premium20,250,30,5000,11,8,20000,32,229.16666666666666,1520,836
early-b,combined-premium20,250,30,5000,12,10,20000,42.91666666666666,272.0833333333333,7719,912
early-b,combined-premium20,250,30,5000,13,13,60000,90,362.0833333333333,4407,988
early-b,combined-premium20,250,60,2500,5,1,3500,25.791666666666668,25.791666666666668,311,160
early-b,combined-premium20,250,60,2500,6,1,5500,22.124999999999996,47.916666666666664,371,348
early-b,combined-premium20,250,60,2500,7,2,7000,23.416666666666664,71.33333333333333,639,532
early-b,combined-premium20,250,60,2500,8,2,8500,20.41666666666667,91.75,1524,608
early-b,combined-premium20,250,60,2500,9,3,20000,44.91666666666666,136.66666666666666,3486,684
early-b,combined-premium20,250,60,2500,10,4,20000,44.291666666666686,180.95833333333334,5911,760
early-b,combined-premium20,250,60,2500,11,4,20000,32.54166666666666,213.5,2227,836
early-b,combined-premium20,250,60,2500,12,5,20000,43.75,257.25,8848,912
early-b,combined-premium20,250,60,2500,13,6,60000,92.5,349.75,6478,988
early-b,combined-premium20,250,60,2500,14,8,60000,87.5,437.25,7585,1064
early-b,combined-premium20,250,60,2500,15,9,60000,76.70833333333337,513.9583333333334,3003,1140
early-b,combined-premium20,250,60,2500,16,10,60000,77.625,591.5833333333334,3210,1216
early-b,combined-premium20,250,60,2500,17,12,60000,69.70833333333326,661.2916666666666,5693,1292
early-b,combined-premium20,250,60,2500,18,13,60000,76.875,738.1666666666666,12347,1368
early-b,combined-premium20,250,60,5000,5,1,3500,29.166666666666668,29.166666666666668,315,160
early-b,combined-premium20,250,60,5000,6,1,5500,26.083333333333332,55.25,409,348
early-b,combined-premium20,250,60,5000,7,2,7000,20.33333333333333,75.58333333333333,1014,532
early-b,combined-premium20,250,60,5000,8,2,8500,32.66666666666667,108.25,726,608
early-b,combined-premium20,250,60,5000,9,3,20000,46.75,155,1934,684
early-b,combined-premium20,250,60,5000,10,4,20000,43.08333333333334,198.08333333333334,2712,760
early-b,combined-premium20,250,60,5000,11,4,20000,35.333333333333314,233.41666666666666,1284,836
early-b,combined-premium20,250,60,5000,12,5,20000,42.66666666666666,276.0833333333333,1517,912
early-b,combined-premium20,250,60,5000,13,7,60000,86,362.0833333333333,3692,988
early-b,combined-premium20,250,60,5000,14,8,60000,95.08333333333337,457.1666666666667,1628,1064
early-b,combined-premium20,250,60,5000,15,10,60000,83.91666666666669,541.0833333333334,4494,1140
early-b,combined-premium20,250,60,5000,16,11,60000,79.75,620.8333333333334,1363,1216
early-b,combined-premium20,250,60,5000,17,12,60000,78.75,699.5833333333334,1622,1292
early-b,combined-premium20,250,60,5000,18,13,60000,77.58333333333326,777.1666666666666,2025,1368
early-b,all-animals,20,15,2500,5,3,3500,31.333333333333332,31.333333333333332,1085,290
early-b,all-animals,20,15,2500,6,4,5500,14.958333333333332,46.291666666666664,2097,456
early-b,all-animals,20,15,2500,7,5,7000,15.125,61.416666666666664,2090,532
early-b,all-animals,20,15,2500,8,6,8500,15.000000000000007,76.41666666666667,690,608
early-b,all-animals,20,15,2500,9,9,20000,45.125,121.54166666666667,3866,684
early-b,all-animals,20,15,2500,10,11,20000,30.04166666666667,151.58333333333334,1020,760
early-b,all-animals,20,15,2500,11,14,20000,44.875,196.45833333333334,8733,836
early-b,all-animals,20,15,5000,5,3,3500,32.333333333333336,32.333333333333336,195,160
early-b,all-animals,20,15,5000,6,4,5500,19.33333333333333,51.666666666666664,416,348
early-b,all-animals,20,15,5000,7,6,7000,25.833333333333336,77.5,2955,532
early-b,all-animals,20,15,5000,8,7,8500,15.416666666666671,92.91666666666667,1029,608
early-b,all-animals,20,15,5000,9,10,20000,45.08333333333333,138,2983,684
early-b,all-animals,20,15,5000,10,13,20000,45.08333333333334,183.08333333333334,7169,760
early-b,all-animals,20,30,2500,5,2,3500,31.125,31.125,1290,290
early-b,all-animals,20,30,2500,6,2,5500,19.791666666666664,50.916666666666664,468,456
early-b,all-animals,20,30,2500,7,3,7000,10.5,61.416666666666664,1857,532
early-b,all-animals,20,30,2500,8,3,8500,21.875000000000007,83.29166666666667,637,608
early-b,all-animals,20,30,2500,9,5,20000,38.25,121.54166666666667,3039,684
early-b,all-animals,20,30,2500,10,6,20000,41.999999999999986,163.54166666666666,885,760
early-b,all-animals,20,30,2500,11,7,20000,34.20833333333334,197.75,6937,836
early-b,all-animals,20,30,2500,12,8,20000,30.083333333333343,227.83333333333334,6614,912
early-b,all-animals,20,30,2500,13,11,60000,90.12499999999997,317.9583333333333,10109,988
early-b,all-animals,20,30,2500,14,14,60000,73.83333333333337,391.7916666666667,6750,1064
early-b,all-animals,20,30,5000,5,2,3500,40.166666666666664,40.166666666666664,496,290
early-b,all-animals,20,30,5000,6,3,5500,22.16666666666667,62.333333333333336,2667,348
early-b,all-animals,20,30,5000,7,3,7000,20.749999999999993,83.08333333333333,928,532
early-b,all-animals,20,30,5000,8,4,8500,25.333333333333343,108.41666666666667,3328,608
early-b,all-animals,20,30,5000,9,6,20000,44.33333333333333,152.75,6842,684
early-b,all-animals,20,30,5000,10,7,20000,30.083333333333343,182.83333333333334,2789,760
early-b,all-animals,20,30,5000,11,8,20000,41.5,224.33333333333334,1177,836
early-b,all-animals,20,30,5000,12,9,20000,34.91666666666666,259.25,3091,912
early-b,all-animals,20,30,5000,13,12,60000,89.91666666666669,349.1666666666667,2342,988
early-b,all-animals,20,60,2500,5,1,3500,36.166666666666664,36.166666666666664,503,290
early-b,all-animals,20,60,2500,6,1,5500,15.666666666666671,51.833333333333336,635,456
early-b,all-animals,20,60,2500,7,2,7000,16.083333333333336,67.91666666666667,602,532
early-b,all-animals,20,60,2500,8,2,8500,25.08333333333333,93,3627,608
early-b,all-animals,20,60,2500,9,3,20000,34.875,127.875,756,684
early-b,all-animals,20,60,2500,10,3,20000,40.95833333333334,168.83333333333334,3666,760
early-b,all-animals,20,60,2500,11,4,20000,28.875,197.70833333333334,3386,836
early-b,all-animals,20,60,2500,12,4,20000,32.5,230.20833333333334,1550,912
early-b,all-animals,20,60,2500,13,6,60000,87.74999999999997,317.9583333333333,6064,988
early-b,all-animals,20,60,2500,14,7,60000,76.79166666666669,394.75,1884,1064
early-b,all-animals,20,60,2500,15,8,60000,78.54166666666669,473.2916666666667,3059,1140
early-b,all-animals,20,60,2500,16,10,60000,68.58333333333331,541.875,6258,1216
early-b,all-animals,20,60,2500,17,11,60000,76.625,618.5,13539,1292
early-b,all-animals,20,60,2500,18,12,60000,60.08333333333337,678.5833333333334,9479,1368
early-b,all-animals,20,60,2500,19,14,120000,119.875,798.4583333333334,7470,1444
early-b,all-animals,20,60,5000,5,1,3500,41,41,823,290
early-b,all-animals,20,60,5000,6,2,5500,21.333333333333336,62.333333333333336,2927,456
early-b,all-animals,20,60,5000,7,2,7000,17.833333333333336,80.16666666666667,1538,532
early-b,all-animals,20,60,5000,8,2,8500,26.666666666666657,106.83333333333333,943,608
early-b,all-animals,20,60,5000,9,3,20000,38.83333333333333,145.66666666666666,1028,684
early-b,all-animals,20,60,5000,10,4,20000,37.33333333333334,183,4343,760
early-b,all-animals,20,60,5000,11,4,20000,35.25,218.25,1425,836
early-b,all-animals,20,60,5000,12,5,20000,39.916666666666686,258.1666666666667,1335,912
early-b,all-animals,20,60,5000,13,6,60000,101.16666666666663,359.3333333333333,5927,988
early-b,all-animals,20,60,5000,14,8,60000,84.83333333333337,444.1666666666667,1161,1064
early-b,all-animals,20,60,5000,15,9,60000,94.66666666666669,538.8333333333334,3834,1140
early-b,all-animals,20,60,5000,16,11,60000,83.16666666666663,622,4569,1216
early-b,all-animals,20,60,5000,17,12,60000,79.41666666666663,701.4166666666666,2224,1292
early-b,all-animals,20,60,5000,18,13,60000,77.5,778.9166666666666,2140,1368
early-b,all-animals,250,15,2500,5,3,3500,31.375,31.375,1713,290
early-b,all-animals,250,15,2500,6,3,5500,13.125,44.5,433,348
early-b,all-animals,250,15,2500,7,5,7000,16.916666666666664,61.416666666666664,1594,532
early-b,all-animals,250,15,2500,8,6,8500,21.666666666666664,83.08333333333333,638,608
early-b,all-animals,250,15,2500,9,9,20000,38.45833333333334,121.54166666666667,3760,684
early-b,all-animals,250,15,2500,10,11,20000,30.04166666666667,151.58333333333334,914,760
early-b,all-animals,250,15,2500,11,14,20000,44.958333333333314,196.54166666666666,8072,836
early-b,all-animals,250,15,5000,5,3,3500,32.583333333333336,32.583333333333336,617,290
early-b,all-animals,250,15,5000,6,4,5500,26.416666666666664,59,711,348
early-b,all-animals,250,15,5000,7,6,7000,18.75,77.75,3225,532
early-b,all-animals,250,15,5000,8,7,8500,15.166666666666671,92.91666666666667,1299,608
early-b,all-animals,250,15,5000,9,10,20000,45.08333333333333,138,3253,684
early-b,all-animals,250,15,5000,10,13,20000,45.08333333333334,183.08333333333334,7439,760
early-b,all-animals,250,30,2500,5,2,3500,31.333333333333332,31.333333333333332,1294,290
early-b,all-animals,250,30,2500,6,2,5500,19.833333333333332,51.166666666666664,472,456
early-b,all-animals,250,30,2500,7,3,7000,10.25,61.416666666666664,1861,532
early-b,all-animals,250,30,2500,8,3,8500,21.875000000000007,83.29166666666667,641,608
early-b,all-animals,250,30,2500,9,5,20000,38.25,121.54166666666667,3043,684
early-b,all-animals,250,30,2500,10,6,20000,41.999999999999986,163.54166666666666,889,760
early-b,all-animals,250,30,2500,11,7,20000,34.20833333333334,197.75,6941,836
early-b,all-animals,250,30,2500,12,8,20000,30.083333333333343,227.83333333333334,6618,912
early-b,all-animals,250,30,2500,13,11,60000,90.12499999999997,317.9583333333333,10113,988
early-b,all-animals,250,30,2500,14,14,60000,73.83333333333337,391.7916666666667,6754,1064
early-b,all-animals,250,30,5000,5,2,3500,39.916666666666664,39.916666666666664,972,290
early-b,all-animals,250,30,5000,6,3,5500,22.75,62.666666666666664,3354,456
early-b,all-animals,250,30,5000,7,3,7000,16.833333333333336,79.5,1211,532
early-b,all-animals,250,30,5000,8,4,8500,22.75,102.25,694,608
early-b,all-animals,250,30,5000,9,5,20000,40.08333333333334,142.33333333333334,1159,684
early-b,all-animals,250,30,5000,10,7,20000,40.5,182.83333333333334,5047,760
early-b,all-animals,250,30,5000,11,8,20000,30.166666666666657,213,2332,836
early-b,all-animals,250,30,5000,12,9,20000,30.083333333333343,243.08333333333334,1100,912
early-b,all-animals,250,30,5000,13,12,60000,90.16666666666666,333.25,1249,988
early-b,all-animals,250,60,2500,5,1,3500,32.291666666666664,32.291666666666664,386,290
early-b,all-animals,250,60,2500,6,1,5500,19.54166666666667,51.833333333333336,472,456
early-b,all-animals,250,60,2500,7,2,7000,9.5,61.333333333333336,1586,532
early-b,all-animals,250,60,2500,8,2,8500,24.791666666666664,86.125,626,608
early-b,all-animals,250,60,2500,9,3,20000,35.41666666666667,121.54166666666667,2593,684
early-b,all-animals,250,60,2500,10,3,20000,45.374999999999986,166.91666666666666,778,760
early-b,all-animals,250,60,2500,11,4,20000,30.541666666666686,197.45833333333334,5196,836
early-b,all-animals,250,60,2500,12,4,20000,32,229.45833333333334,2595,912
early-b,all-animals,250,60,2500,13,6,60000,88.29166666666666,317.75,7073,988
early-b,all-animals,250,60,2500,14,7,60000,76.5,394.25,1254,1064
early-b,all-animals,250,60,2500,15,8,60000,77.375,471.625,4831,1140
early-b,all-animals,250,60,2500,16,10,60000,70.16666666666663,541.7916666666666,8314,1216
early-b,all-animals,250,60,2500,17,11,60000,60.08333333333337,601.875,2280,1292
early-b,all-animals,250,60,2500,18,12,60000,76.54166666666663,678.4166666666666,11571,1368
early-b,all-animals,250,60,2500,19,14,120000,119.95833333333337,798.375,8743,1444
early-b,all-animals,250,60,5000,5,1,3500,41.666666666666664,41.666666666666664,342,290
early-b,all-animals,250,60,5000,6,2,5500,20.583333333333336,62.25,2590,456
early-b,all-animals,250,60,5000,7,2,7000,17.83333333333333,80.08333333333333,1201,532
early-b,all-animals,250,60,5000,8,2,8500,27.25,107.33333333333333,640,608
early-b,all-animals,250,60,5000,9,3,20000,38.500000000000014,145.83333333333334,706,684
early-b,all-animals,250,60,5000,10,4,20000,37,182.83333333333334,4002,760
early-b,all-animals,250,60,5000,11,4,20000,38.66666666666666,221.5,1936,836
early-b,all-animals,250,60,5000,12,5,20000,39.583333333333314,261.0833333333333,5519,912
early-b,all-animals,250,60,5000,13,6,60000,95.66666666666669,356.75,3661,988
early-b,all-animals,250,60,5000,14,8,60000,86.25,443,4987,1064
early-b,all-animals,250,60,5000,15,9,60000,80.75,523.75,1278,1140
early-b,all-animals,250,60,5000,16,11,60000,79.25,603,4459,1216
early-b,all-animals,250,60,5000,17,12,60000,80.58333333333337,683.5833333333334,2872,1292
early-b,all-animals,250,60,5000,18,13,60000,81.41666666666663,765,4160,1368
early-c,crops,20,15,2500,5,3,4000,30.25,30.25,1096,160
early-c,crops,20,15,2500,6,5,6000,29.833333333333336,60.083333333333336,1336,192
early-c,crops,20,15,2500,7,7,8000,30.083333333333336,90.16666666666667,824,224
early-c,crops,20,15,2500,8,9,10000,37.83333333333333,128,1744,256
early-c,crops,20,15,2500,9,12,20000,50.16666666666666,178.16666666666666,720,522
early-c,crops,20,15,2500,10,14,20000,30.125,208.29166666666666,952,580
early-c,crops,20,15,5000,5,3,4000,36.25,36.25,812,100
early-c,crops,20,15,5000,6,5,6000,24.25,60.5,440,192
early-c,crops,20,15,5000,7,7,8000,38.33333333333333,98.83333333333333,1800,224
early-c,crops,20,15,5000,8,9,10000,30.250000000000014,129.08333333333334,536,256
early-c,crops,20,15,5000,9,13,20000,65.33333333333331,194.41666666666666,4004,522
early-c,crops,20,30,2500,5,2,4000,30.25,30.25,1096,160
early-c,crops,20,30,2500,6,3,6000,29.875,60.125,1336,192
early-c,crops,20,30,2500,7,4,8000,30.125,90.25,824,224
early-c,crops,20,30,2500,8,5,10000,37.79166666666666,128.04166666666666,1744,256
early-c,crops,20,30,2500,9,7,20000,52.416666666666686,180.45833333333334,720,522
early-c,crops,20,30,2500,10,8,20000,42.833333333333314,223.29166666666666,952,580
early-c,crops,20,30,2500,11,9,20000,43.00000000000003,266.2916666666667,3432,638
early-c,crops,20,30,2500,12,10,20000,30.25,296.5416666666667,1978,696
early-c,crops,20,30,2500,13,14,60000,94.125,390.6666666666667,4666,988
early-c,crops,20,30,5000,5,2,4000,36.25,36.25,812,100
early-c,crops,20,30,5000,6,3,6000,32.25,68.5,752,192
early-c,crops,20,30,5000,7,4,8000,30.33333333333333,98.83333333333333,240,224
early-c,crops,20,30,5000,8,5,10000,38.500000000000014,137.33333333333334,1160,256
early-c,crops,20,30,5000,9,7,20000,57,194.33333333333334,632,522
early-c,crops,20,30,5000,10,8,20000,43.833333333333314,238.16666666666666,864,580
early-c,crops,20,30,5000,11,10,20000,32.83333333333334,271,2782,638
early-c,crops,20,30,5000,12,11,20000,43.583333333333314,314.5833333333333,4700,696
early-c,crops,20,30,5000,13,14,60000,93.83333333333337,408.4166666666667,1832,988
early-c,crops,20,60,2500,5,1,4000,35.583333333333336,35.583333333333336,1096,160
early-c,crops,20,60,2500,6,2,6000,24.70833333333333,60.291666666666664,1336,192
early-c,crops,20,60,2500,7,2,8000,30.250000000000007,90.54166666666667,824,224
early-c,crops,20,60,2500,8,3,10000,37.499999999999986,128.04166666666666,1744,256
early-c,crops,20,60,2500,9,4,20000,52.416666666666686,180.45833333333334,720,522
early-c,crops,20,60,2500,10,4,20000,51.25,231.70833333333334,952,580
early-c,crops,20,60,2500,11,5,20000,47.45833333333334,279.1666666666667,3432,638
early-c,crops,20,60,2500,12,6,20000,34.41666666666663,313.5833333333333,1978,696
early-c,crops,20,60,2500,13,8,60000,107.08333333333337,420.6666666666667,4666,988
early-c,crops,20,60,2500,14,9,60000,92.29166666666669,512.9583333333334,2698,1064
early-c,crops,20,60,2500,15,11,60000,87.79166666666663,600.75,5194,1140
early-c,crops,20,60,2500,16,12,60000,92.625,693.375,12154,1216
early-c,crops,20,60,2500,17,13,60000,76.625,770,11674,1292
early-c,crops,20,60,2500,18,14,60000,60.29166666666663,830.2916666666666,2266,1368
early-c,crops,20,60,5000,5,1,4000,39.666666666666664,39.666666666666664,812,100
early-c,crops,20,60,5000,6,2,6000,28.833333333333336,68.5,752,192
early-c,crops,20,60,5000,7,2,8000,32.5,101,240,224
early-c,crops,20,60,5000,8,3,10000,36.33333333333334,137.33333333333334,1160,256
early-c,crops,20,60,5000,9,4,20000,64.91666666666666,202.25,1568,522
early-c,crops,20,60,5000,10,5,20000,52.33333333333334,254.58333333333334,1800,580
early-c,crops,20,60,5000,11,6,20000,46.49999999999997,301.0833333333333,4280,638
early-c,crops,20,60,5000,12,6,20000,41.916666666666686,343,2826,696
early-c,crops,20,60,5000,13,8,60000,111.58333333333331,454.5833333333333,3330,988
early-c,crops,20,60,5000,14,10,60000,86.83333333333331,541.4166666666666,1362,1064
early-c,crops,20,60,5000,15,11,60000,94.91666666666674,636.3333333333334,3858,1140
early-c,crops,20,60,5000,16,13,60000,85.25,721.5833333333334,10818,1216
early-c,crops,20,60,5000,17,14,60000,77.91666666666663,799.5,10338,1292
early-c,crops,250,15,2500,5,3,4000,30.25,30.25,1326,160
early-c,crops,250,15,2500,6,5,6000,29.833333333333336,60.083333333333336,1566,192
early-c,crops,250,15,2500,7,7,8000,30.083333333333336,90.16666666666667,1054,224
early-c,crops,250,15,2500,8,9,10000,37.83333333333333,128,1974,256
early-c,crops,250,15,2500,9,12,20000,50.16666666666666,178.16666666666666,950,522
early-c,crops,250,15,2500,10,14,20000,30.125,208.29166666666666,1182,580
early-c,crops,250,15,5000,5,3,4000,30.5,30.5,290,100
early-c,crops,250,15,5000,6,5,6000,30,60.5,858,192
early-c,crops,250,15,5000,7,7,8000,30.25,90.75,346,224
early-c,crops,250,15,5000,8,9,10000,38.33333333333334,129.08333333333334,1266,256
early-c,crops,250,15,5000,9,13,20000,51.833333333333314,180.91666666666666,738,522
early-c,crops,250,30,2500,5,2,4000,30.25,30.25,1326,160
early-c,crops,250,30,2500,6,3,6000,29.875,60.125,1566,192
early-c,crops,250,30,2500,7,4,8000,30.125,90.25,1054,224
early-c,crops,250,30,2500,8,5,10000,37.79166666666666,128.04166666666666,1974,256
early-c,crops,250,30,2500,9,7,20000,52.416666666666686,180.45833333333334,950,522
early-c,crops,250,30,2500,10,8,20000,42.833333333333314,223.29166666666666,1182,580
early-c,crops,250,30,2500,11,9,20000,43.00000000000003,266.2916666666667,3662,638
early-c,crops,250,30,2500,12,10,20000,30.25,296.5416666666667,2208,696
early-c,crops,250,30,2500,13,14,60000,94.125,390.6666666666667,4896,988
early-c,crops,250,30,5000,5,2,4000,30.5,30.5,290,100
early-c,crops,250,30,5000,6,3,6000,38,68.5,1170,192
early-c,crops,250,30,5000,7,4,8000,30.33333333333333,98.83333333333333,658,224
early-c,crops,250,30,5000,8,5,10000,38.500000000000014,137.33333333333334,1578,256
early-c,crops,250,30,5000,9,7,20000,57,194.33333333333334,1050,522
early-c,crops,250,30,5000,10,8,20000,43.833333333333314,238.16666666666666,1282,580
early-c,crops,250,30,5000,11,10,20000,32.83333333333334,271,3200,638
early-c,crops,250,30,5000,12,11,20000,43.583333333333314,314.5833333333333,5118,696
early-c,crops,250,60,2500,5,1,4000,35.583333333333336,35.583333333333336,1326,160
early-c,crops,250,60,2500,6,2,6000,24.70833333333333,60.291666666666664,1566,192
early-c,crops,250,60,2500,7,2,8000,30.250000000000007,90.54166666666667,1054,224
early-c,crops,250,60,2500,8,3,10000,37.499999999999986,128.04166666666666,1974,256
early-c,crops,250,60,2500,9,4,20000,52.416666666666686,180.45833333333334,950,522
early-c,crops,250,60,2500,10,4,20000,51.25,231.70833333333334,1182,580
early-c,crops,250,60,2500,11,5,20000,47.45833333333334,279.1666666666667,3662,638
early-c,crops,250,60,2500,12,6,20000,34.41666666666663,313.5833333333333,2208,696
early-c,crops,250,60,2500,13,8,60000,107.08333333333337,420.6666666666667,4896,988
early-c,crops,250,60,2500,14,9,60000,92.29166666666669,512.9583333333334,2928,1064
early-c,crops,250,60,2500,15,11,60000,87.79166666666663,600.75,5424,1140
early-c,crops,250,60,2500,16,12,60000,76.33333333333337,677.0833333333334,1224,1216
early-c,crops,250,60,2500,17,13,60000,92.91666666666663,770,12648,1292
early-c,crops,250,60,2500,18,14,60000,60.29166666666663,830.2916666666666,3240,1368
early-c,crops,250,60,5000,5,1,4000,33.916666666666664,33.916666666666664,290,100
early-c,crops,250,60,5000,6,2,6000,34.583333333333336,68.5,1170,192
early-c,crops,250,60,5000,7,2,8000,32.5,101,658,224
early-c,crops,250,60,5000,8,3,10000,36.33333333333334,137.33333333333334,1578,256
early-c,crops,250,60,5000,9,4,20000,64.91666666666666,202.25,1986,522
early-c,crops,250,60,5000,10,5,20000,52.33333333333334,254.58333333333334,2218,580
early-c,crops,250,60,5000,11,6,20000,46.49999999999997,301.0833333333333,4698,638
early-c,crops,250,60,5000,12,6,20000,41.916666666666686,343,3244,696
early-c,crops,250,60,5000,13,8,60000,111.58333333333331,454.5833333333333,3748,988
early-c,crops,250,60,5000,14,10,60000,86.83333333333331,541.4166666666666,1780,1064
early-c,crops,250,60,5000,15,11,60000,94.91666666666674,636.3333333333334,4276,1140
early-c,crops,250,60,5000,16,13,60000,85.25,721.5833333333334,11236,1216
early-c,crops,250,60,5000,17,14,60000,77.91666666666663,799.5,10756,1292
early-c,orders,20,15,2500,5,2,4000,22.75,22.75,317,160
early-c,orders,20,15,2500,6,4,6000,29.958333333333336,52.708333333333336,676,348
early-c,orders,20,15,2500,7,6,8000,22.749999999999993,75.45833333333333,2361,406
early-c,orders,20,15,2500,8,7,10000,27.625,103.08333333333333,3035,464
early-c,orders,20,15,2500,9,11,20000,47.41666666666667,150.5,5589,684
early-c,orders,20,15,2500,10,14,20000,45.125,195.625,5591,760
early-c,orders,20,15,5000,5,3,4000,30.583333333333332,30.583333333333332,916,160
early-c,orders,20,15,5000,6,5,6000,30.083333333333332,60.666666666666664,1333,348
early-c,orders,20,15,5000,7,6,8000,28.333333333333336,89,3055,406
early-c,orders,20,15,5000,8,8,10000,17.08333333333333,106.08333333333333,2901,464
early-c,orders,20,15,5000,9,12,20000,60.08333333333333,166.16666666666666,6053,684
early-c,orders,20,30,2500,5,1,4000,28.5,28.5,253,160
early-c,orders,20,30,2500,6,2,6000,24.25,52.75,590,348
early-c,orders,20,30,2500,7,3,8000,32.70833333333333,85.45833333333333,2445,406
early-c,orders,20,30,2500,8,4,10000,30.25,115.70833333333333,3986,608
early-c,orders,20,30,2500,9,6,20000,34.875000000000014,150.58333333333334,1426,684
early-c,orders,20,30,2500,10,7,20000,45.833333333333314,196.41666666666666,1406,760
early-c,orders,20,30,2500,11,9,20000,44.25,240.66666666666666,3645,836
early-c,orders,20,30,2500,12,10,20000,46.08333333333334,286.75,8113,912
early-c,orders,20,30,2500,13,13,60000,90.16666666666669,376.9166666666667,1492,988
early-c,orders,20,30,5000,5,2,4000,30.583333333333332,30.583333333333332,916,160
early-c,orders,20,30,5000,6,3,6000,30.083333333333332,60.666666666666664,1200,348
early-c,orders,20,30,5000,7,4,8000,30.250000000000007,90.91666666666667,2959,406
early-c,orders,20,30,5000,8,4,10000,26.666666666666657,117.58333333333333,737,464
early-c,orders,20,30,5000,9,6,20000,49.750000000000014,167.33333333333334,1175,684
early-c,orders,20,30,5000,10,8,20000,43.91666666666666,211.25,2817,760
early-c,orders,20,30,5000,11,9,20000,46.25,257.5,1754,836
early-c,orders,20,30,5000,12,10,20000,31.416666666666686,288.9166666666667,1338,912
early-c,orders,20,30,5000,13,14,60000,102.66666666666663,391.5833333333333,3623,988
early-c,orders,20,60,2500,5,1,4000,28.5,28.5,253,160
early-c,orders,20,60,2500,6,1,6000,28.916666666666664,57.416666666666664,618,348
early-c,orders,20,60,2500,7,2,8000,28.041666666666664,85.45833333333333,2445,406
early-c,orders,20,60,2500,8,3,10000,35.08333333333334,120.54166666666667,4377,608
early-c,orders,20,60,2500,9,3,20000,47.33333333333333,167.875,2049,684
early-c,orders,20,60,2500,10,4,20000,44.5,212.375,2056,760
early-c,orders,20,60,2500,11,5,20000,44.166666666666686,256.5416666666667,4344,836
early-c,orders,20,60,2500,12,6,20000,44.16666666666663,300.7083333333333,8815,912
early-c,orders,20,60,2500,13,7,60000,92.29166666666669,393,2194,988
early-c,orders,20,60,2500,14,9,60000,103.83333333333331,496.8333333333333,9440,1064
early-c,orders,20,60,2500,15,10,60000,92.62500000000006,589.4583333333334,9880,1140
early-c,orders,20,60,2500,16,12,60000,71.45833333333326,660.9166666666666,6677,1216
early-c,orders,20,60,2500,17,13,60000,76.41666666666674,737.3333333333334,5802,1292
early-c,orders,20,60,2500,18,14,60000,76.75,814.0833333333334,8647,1368
early-c,orders,20,60,5000,5,1,4000,34,34,935,160
early-c,orders,20,60,5000,6,2,6000,26.833333333333336,60.833333333333336,1104,348
early-c,orders,20,60,5000,7,2,8000,39.24999999999999,100.08333333333333,3188,406
early-c,orders,20,60,5000,8,3,10000,20.833333333333343,120.91666666666667,882,464
early-c,orders,20,60,5000,9,4,20000,60.249999999999986,181.16666666666666,2985,684
early-c,orders,20,60,5000,10,4,20000,49.75,230.91666666666666,2074,760
early-c,orders,20,60,5000,11,5,20000,43.58333333333334,274.5,2498,836
early-c,orders,20,60,5000,12,6,20000,26.916666666666686,301.4166666666667,1110,912
early-c,orders,20,60,5000,13,7,60000,111.83333333333331,413.25,3072,988
early-c,orders,20,60,5000,14,9,60000,102.08333333333337,515.3333333333334,5152,1064
early-c,orders,20,60,5000,15,10,60000,78.83333333333326,594.1666666666666,1604,1140
early-c,orders,20,60,5000,16,12,60000,85.25,679.4166666666666,7425,1216
early-c,orders,20,60,5000,17,13,60000,78.41666666666674,757.8333333333334,6303,1292
early-c,orders,20,60,5000,18,14,60000,78.16666666666663,836,9016,1368
early-c,orders,250,15,2500,5,2,4000,22.75,22.75,547,160
early-c,orders,250,15,2500,6,4,6000,29.958333333333336,52.708333333333336,906,348
early-c,orders,250,15,2500,7,6,8000,22.749999999999993,75.45833333333333,2591,406
early-c,orders,250,15,2500,8,7,10000,27.625,103.08333333333333,3265,464
early-c,orders,250,15,2500,9,11,20000,47.41666666666667,150.5,5819,684
early-c,orders,250,15,2500,10,14,20000,45.125,195.625,5821,760
early-c,orders,250,15,5000,5,3,4000,30.583333333333332,30.583333333333332,1146,160
early-c,orders,250,15,5000,6,5,6000,30.083333333333332,60.666666666666664,1563,348
early-c,orders,250,15,5000,7,6,8000,28.333333333333336,89,3285,406
early-c,orders,250,15,5000,8,8,10000,17.08333333333333,106.08333333333333,3131,464
early-c,orders,250,15,5000,9,12,20000,60.08333333333333,166.16666666666666,6283,684
early-c,orders,250,30,2500,5,1,4000,27.791666666666668,27.791666666666668,203,160
early-c,orders,250,30,2500,6,2,6000,24.958333333333332,52.75,820,348
early-c,orders,250,30,2500,7,3,8000,32.70833333333333,85.45833333333333,2675,406
early-c,orders,250,30,2500,8,4,10000,27.5,112.95833333333333,508,464
early-c,orders,250,30,2500,9,6,20000,37.625000000000014,150.58333333333334,1474,684
early-c,orders,250,30,2500,10,7,20000,45.833333333333314,196.41666666666666,1454,760
early-c,orders,250,30,2500,11,9,20000,44.25,240.66666666666666,3693,836
early-c,orders,250,30,2500,12,10,20000,46.08333333333334,286.75,8161,912
early-c,orders,250,30,2500,13,13,60000,90.16666666666669,376.9166666666667,1540,988
early-c,orders,250,30,5000,5,2,4000,30.583333333333332,30.583333333333332,1146,160
early-c,orders,250,30,5000,6,3,6000,30.083333333333332,60.666666666666664,1430,348
early-c,orders,250,30,5000,7,4,8000,30.250000000000007,90.91666666666667,3189,406
early-c,orders,250,30,5000,8,4,10000,26.666666666666657,117.58333333333333,967,464
early-c,orders,250,30,5000,9,6,20000,49.750000000000014,167.33333333333334,1405,684
early-c,orders,250,30,5000,10,8,20000,43.91666666666666,211.25,3047,760
early-c,orders,250,30,5000,11,9,20000,46.25,257.5,1984,836
early-c,orders,250,30,5000,12,10,20000,31.416666666666686,288.9166666666667,1568,912
early-c,orders,250,30,5000,13,14,60000,102.66666666666663,391.5833333333333,3853,988
early-c,orders,250,60,2500,5,1,4000,27.791666666666668,27.791666666666668,203,160
early-c,orders,250,60,2500,6,1,6000,29.541666666666668,57.333333333333336,906,348
early-c,orders,250,60,2500,7,2,8000,28.124999999999993,85.45833333333333,2675,406
early-c,orders,250,60,2500,8,2,10000,28.29166666666667,113.75,508,464
early-c,orders,250,60,2500,9,3,20000,54.08333333333334,167.83333333333334,2841,684
early-c,orders,250,60,2500,10,4,20000,44.54166666666666,212.375,2848,760
early-c,orders,250,60,2500,11,5,20000,44.166666666666686,256.5416666666667,5136,836
early-c,orders,250,60,2500,12,5,20000,32.208333333333314,288.75,1465,912
early-c,orders,250,60,2500,13,7,60000,104.25,393,3730,988
early-c,orders,250,60,2500,14,9,60000,87.66666666666669,480.6666666666667,1346,1064
early-c,orders,250,60,2500,15,10,60000,92.74999999999994,573.4166666666666,3405,1140
early-c,orders,250,60,2500,16,12,60000,87.5,660.9166666666666,9701,1216
early-c,orders,250,60,2500,17,13,60000,76.41666666666674,737.3333333333334,8826,1292
early-c,orders,250,60,2500,18,14,60000,76.75,814.0833333333334,11671,1368
early-c,orders,250,60,5000,5,1,4000,34,34,1165,160
early-c,orders,250,60,5000,6,2,6000,26.833333333333336,60.833333333333336,1334,348
early-c,orders,250,60,5000,7,2,8000,39.24999999999999,100.08333333333333,3418,406
early-c,orders,250,60,5000,8,3,10000,20.833333333333343,120.91666666666667,1112,464
early-c,orders,250,60,5000,9,4,20000,60.249999999999986,181.16666666666666,3215,684
early-c,orders,250,60,5000,10,4,20000,49.75,230.91666666666666,2304,760
early-c,orders,250,60,5000,11,5,20000,43.58333333333334,274.5,2728,836
early-c,orders,250,60,5000,12,6,20000,26.916666666666686,301.4166666666667,1340,912
early-c,orders,250,60,5000,13,7,60000,111.83333333333331,413.25,3302,988
early-c,orders,250,60,5000,14,9,60000,99.58333333333337,512.8333333333334,1213,1064
early-c,orders,250,60,5000,15,10,60000,81.91666666666663,594.75,2062,1140
early-c,orders,250,60,5000,16,12,60000,84.33333333333337,679.0833333333334,7903,1216
early-c,orders,250,60,5000,17,13,60000,78.33333333333326,757.4166666666666,6780,1292
early-c,orders,250,60,5000,18,14,60000,78.83333333333337,836.25,9378,1368
early-c,combined-current,20,15,2500,5,3,4000,30.708333333333332,30.708333333333332,1158,290
early-c,combined-current,20,15,2500,6,4,6000,14.958333333333332,45.666666666666664,1084,348
early-c,combined-current,20,15,2500,7,5,8000,25.750000000000007,71.41666666666667,705,532
early-c,combined-current,20,15,2500,8,7,10000,19.45833333333333,90.875,1956,608
early-c,combined-current,20,15,2500,9,10,20000,44.95833333333334,135.83333333333334,1887,684
early-c,combined-current,20,15,2500,10,13,20000,45.125,180.95833333333334,4067,760
early-c,combined-current,20,15,5000,5,3,4000,30.833333333333332,30.833333333333332,329,160
early-c,combined-current,20,15,5000,6,5,6000,29.750000000000004,60.583333333333336,2570,348
early-c,combined-current,20,15,5000,7,6,8000,26.916666666666664,87.5,564,532
early-c,combined-current,20,15,5000,8,8,10000,19.08333333333333,106.58333333333333,1663,608
early-c,combined-current,20,15,5000,9,11,20000,45.08333333333333,151.66666666666666,984,684
early-c,combined-current,20,15,5000,10,14,20000,45.166666666666686,196.83333333333334,2326,760
early-c,combined-current,20,30,2500,5,2,4000,30.708333333333332,30.708333333333332,1158,290
early-c,combined-current,20,30,2500,6,2,6000,25.125000000000004,55.833333333333336,1798,348
early-c,combined-current,20,30,2500,7,3,8000,20.541666666666664,76.375,2411,532
early-c,combined-current,20,30,2500,8,4,10000,30.16666666666667,106.54166666666667,4216,608
early-c,combined-current,20,30,2500,9,6,20000,44.374999999999986,150.91666666666666,4169,684
early-c,combined-current,20,30,2500,10,7,20000,45.75,196.66666666666666,6177,760
early-c,combined-current,20,30,2500,11,8,20000,30.25,226.91666666666666,2446,836
early-c,combined-current,20,30,2500,12,10,20000,44.12500000000003,271.0416666666667,9020,912
early-c,combined-current,20,30,2500,13,13,60000,90.08333333333331,361.125,6530,988
early-c,combined-current,20,30,5000,5,2,4000,31.416666666666668,31.416666666666668,329,160
early-c,combined-current,20,30,5000,6,3,6000,29.749999999999996,61.166666666666664,2551,348
early-c,combined-current,20,30,5000,7,4,8000,30.416666666666664,91.58333333333333,3576,532
early-c,combined-current,20,30,5000,8,5,10000,30,121.58333333333333,4962,608
early-c,combined-current,20,30,5000,9,6,20000,46.41666666666667,168,2554,684
early-c,combined-current,20,30,5000,10,8,20000,43.91666666666666,211.91666666666666,5624,760
early-c,combined-current,20,30,5000,11,9,20000,29.916666666666686,241.83333333333334,1455,836
early-c,combined-current,20,30,5000,12,10,20000,46.41666666666666,288.25,3227,912
early-c,combined-current,20,30,5000,13,13,60000,92.25,380.5,3664,988
early-c,combined-current,20,60,2500,5,1,4000,33.208333333333336,33.208333333333336,1281,290
early-c,combined-current,20,60,2500,6,1,6000,25,58.208333333333336,733,348
early-c,combined-current,20,60,2500,7,2,8000,18.166666666666664,76.375,2361,532
early-c,combined-current,20,60,2500,8,2,10000,30.83333333333333,107.20833333333333,746,608
early-c,combined-current,20,60,2500,9,3,20000,45.000000000000014,152.20833333333334,2157,684
early-c,combined-current,20,60,2500,10,4,20000,44.5,196.70833333333334,6088,760
early-c,combined-current,20,60,2500,11,4,20000,32.75,229.45833333333334,2287,836
early-c,combined-current,20,60,2500,12,5,20000,42.99999999999997,272.4583333333333,3620,912
early-c,combined-current,20,60,2500,13,7,60000,88.58333333333337,361.0416666666667,5811,988
early-c,combined-current,20,60,2500,14,8,60000,93,454.0416666666667,7536,1064
early-c,combined-current,20,60,2500,15,9,60000,76.87499999999994,530.9166666666666,2625,1140
early-c,combined-current,20,60,2500,16,11,60000,86.20833333333337,617.125,9371,1216
early-c,combined-current,20,60,2500,17,12,60000,61.08333333333337,678.2083333333334,2870,1292
early-c,combined-current,20,60,2500,18,13,60000,76.08333333333326,754.2916666666666,5113,1368
early-c,combined-current,20,60,5000,5,1,4000,35.166666666666664,35.166666666666664,578,160
early-c,combined-current,20,60,5000,6,2,6000,26.16666666666667,61.333333333333336,2379,348
early-c,combined-current,20,60,5000,7,2,8000,29.333333333333336,90.66666666666667,1532,532
early-c,combined-current,20,60,5000,8,3,10000,31.08333333333333,121.75,4600,608
early-c,combined-current,20,60,5000,9,3,20000,51.58333333333334,173.33333333333334,4120,684
early-c,combined-current,20,60,5000,10,4,20000,41.16666666666666,214.5,1316,760
early-c,combined-current,20,60,5000,11,5,20000,27.333333333333343,241.83333333333334,865,836
early-c,combined-current,20,60,5000,12,5,20000,53.16666666666666,295,6746,912
early-c,combined-current,20,60,5000,13,7,60000,85.5,380.5,2538,988
early-c,combined-current,20,60,5000,14,8,60000,94.5,475,1612,1064
early-c,combined-current,20,60,5000,15,10,60000,85.08333333333337,560.0833333333334,1951,1140
early-c,combined-current,20,60,5000,16,11,60000,80.58333333333326,640.6666666666666,1891,1216
early-c,combined-current,20,60,5000,17,13,60000,81.58333333333337,722.25,8915,1292
early-c,combined-current,20,60,5000,18,14,60000,78,800.25,5269,1368
early-c,combined-current,250,15,2500,5,3,4000,30.666666666666668,30.666666666666668,1366,290
early-c,combined-current,250,15,2500,6,4,6000,14.999999999999996,45.666666666666664,1292,348
early-c,combined-current,250,15,2500,7,5,8000,23.458333333333336,69.125,552,532
early-c,combined-current,250,15,2500,8,7,10000,21.75,90.875,2164,608
early-c,combined-current,250,15,2500,9,10,20000,44.95833333333334,135.83333333333334,2095,684
early-c,combined-current,250,15,2500,10,13,20000,45.125,180.95833333333334,4275,760
early-c,combined-current,250,15,5000,5,3,4000,31.25,31.25,962,160
early-c,combined-current,250,15,5000,6,4,6000,26.666666666666664,57.916666666666664,454,348
early-c,combined-current,250,15,5000,7,6,8000,27.583333333333336,85.5,546,532
early-c,combined-current,250,15,5000,8,8,10000,20.75,106.25,1966,608
early-c,combined-current,250,15,5000,9,11,20000,45.5,151.75,1458,684
early-c,combined-current,250,15,5000,10,14,20000,45.08333333333334,196.83333333333334,3011,760
early-c,combined-current,250,30,2500,5,2,4000,30.708333333333332,30.708333333333332,1366,290
early-c,combined-current,250,30,2500,6,2,6000,25.125000000000004,55.833333333333336,2006,348
early-c,combined-current,250,30,2500,7,3,8000,20.541666666666664,76.375,2619,532
early-c,combined-current,250,30,2500,8,4,10000,30.16666666666667,106.54166666666667,4424,608
early-c,combined-current,250,30,2500,9,6,20000,44.374999999999986,150.91666666666666,4377,684
early-c,combined-current,250,30,2500,10,7,20000,45.75,196.66666666666666,6385,760
early-c,combined-current,250,30,2500,11,8,20000,30.25,226.91666666666666,2654,836
early-c,combined-current,250,30,2500,12,10,20000,44.12500000000003,271.0416666666667,9228,912
early-c,combined-current,250,30,2500,13,13,60000,90.08333333333331,361.125,6738,988
early-c,combined-current,250,30,5000,5,2,4000,31.166666666666668,31.166666666666668,962,160
early-c,combined-current,250,30,5000,6,3,6000,30.249999999999996,61.416666666666664,3162,348
early-c,combined-current,250,30,5000,7,4,8000,30.000000000000007,91.41666666666667,4131,532
early-c,combined-current,250,30,5000,8,5,10000,30.33333333333333,121.75,5515,608
early-c,combined-current,250,30,5000,9,6,20000,45.91666666666666,167.66666666666666,2204,684
early-c,combined-current,250,30,5000,10,8,20000,44.08333333333334,211.75,6179,760
early-c,combined-current,250,30,5000,11,9,20000,30.25,242,1952,836
early-c,combined-current,250,30,5000,12,10,20000,46.083333333333314,288.0833333333333,2877,912
early-c,combined-current,250,30,5000,13,13,60000,92.5,380.5833333333333,4074,988
early-c,combined-current,250,60,2500,5,1,4000,31.25,31.25,309,290
early-c,combined-current,250,60,2500,6,1,6000,26.083333333333336,57.333333333333336,758,348
early-c,combined-current,250,60,2500,7,2,8000,19.041666666666664,76.375,2594,532
early-c,combined-current,250,60,2500,8,2,10000,30.83333333333333,107.20833333333333,979,608
early-c,combined-current,250,60,2500,9,3,20000,45.000000000000014,152.20833333333334,2390,684
early-c,combined-current,250,60,2500,10,4,20000,44.5,196.70833333333334,6321,760
early-c,combined-current,250,60,2500,11,4,20000,32.75,229.45833333333334,2520,836
early-c,combined-current,250,60,2500,12,5,20000,42.99999999999997,272.4583333333333,3853,912
early-c,combined-current,250,60,2500,13,7,60000,88.58333333333337,361.0416666666667,6044,988
early-c,combined-current,250,60,2500,14,8,60000,93,454.0416666666667,7769,1064
early-c,combined-current,250,60,2500,15,9,60000,76.87499999999994,530.9166666666666,2858,1140
early-c,combined-current,250,60,2500,16,11,60000,70.16666666666674,601.0833333333334,1343,1216
early-c,combined-current,250,60,2500,17,12,60000,77.125,678.2083333333334,3235,1292
early-c,combined-current,250,60,2500,18,13,60000,76.08333333333326,754.2916666666666,5478,1368
early-c,combined-current,250,60,5000,5,1,4000,37.583333333333336,37.583333333333336,1475,290
early-c,combined-current,250,60,5000,6,2,6000,23.916666666666664,61.5,1914,348
early-c,combined-current,250,60,5000,7,2,8000,30.25,91.75,2808,532
early-c,combined-current,250,60,5000,8,3,10000,30,121.75,4231,608
early-c,combined-current,250,60,5000,9,3,20000,51.58333333333334,173.33333333333334,3751,684
early-c,combined-current,250,60,5000,10,4,20000,41.16666666666666,214.5,947,760
early-c,combined-current,250,60,5000,11,5,20000,40.66666666666666,255.16666666666666,860,836
early-c,combined-current,250,60,5000,12,5,20000,37.66666666666666,292.8333333333333,2413,912
early-c,combined-current,250,60,5000,13,7,60000,87.66666666666669,380.5,2037,988
early-c,combined-current,250,60,5000,14,8,60000,94.5,475,1111,1064
early-c,combined-current,250,60,5000,15,10,60000,85.08333333333337,560.0833333333334,1450,1140
early-c,combined-current,250,60,5000,16,11,60000,80.58333333333326,640.6666666666666,1390,1216
early-c,combined-current,250,60,5000,17,13,60000,81.66666666666674,722.3333333333334,10134,1292
early-c,combined-current,250,60,5000,18,14,60000,78,800.3333333333334,7167,1368
early-c,combined-premium20,20,15,2500,5,3,4000,30.708333333333332,30.708333333333332,1254,290
early-c,combined-premium20,20,15,2500,6,4,6000,14.958333333333332,45.666666666666664,1260,348
early-c,combined-premium20,20,15,2500,7,5,8000,15.125,60.791666666666664,1317,532
early-c,combined-premium20,20,15,2500,8,7,10000,30.083333333333336,90.875,3282,608
early-c,combined-premium20,20,15,2500,9,10,20000,44.95833333333334,135.83333333333334,3453,684
early-c,combined-premium20,20,15,2500,10,13,20000,45.125,180.95833333333334,5873,760
early-c,combined-premium20,20,15,5000,5,3,4000,30.833333333333332,30.833333333333332,409,160
early-c,combined-premium20,20,15,5000,6,5,6000,29.750000000000004,60.583333333333336,2794,348
early-c,combined-premium20,20,15,5000,7,6,8000,20.749999999999993,81.33333333333333,579,532
early-c,combined-premium20,20,15,5000,8,8,10000,25.41666666666667,106.75,2318,608
early-c,combined-premium20,20,15,5000,9,11,20000,44.66666666666666,151.41666666666666,1922,684
early-c,combined-premium20,20,15,5000,10,14,20000,45.166666666666686,196.58333333333334,3758,760
early-c,combined-premium20,20,30,2500,5,2,4000,30.708333333333332,30.708333333333332,1174,290
early-c,combined-premium20,20,30,2500,6,2,6000,25.125000000000004,55.833333333333336,1926,348
early-c,combined-premium20,20,30,2500,7,3,8000,20.541666666666664,76.375,2651,532
early-c,combined-premium20,20,30,2500,8,4,10000,30.16666666666667,106.54166666666667,4616,608
early-c,combined-premium20,20,30,2500,9,6,20000,44.374999999999986,150.91666666666666,4809,684
early-c,combined-premium20,20,30,2500,10,7,20000,45.75,196.66666666666666,7025,760
early-c,combined-premium20,20,30,2500,11,8,20000,30.25,226.91666666666666,3454,836
early-c,combined-premium20,20,30,2500,12,9,20000,30.12500000000003,257.0416666666667,1280,912
early-c,combined-premium20,20,30,2500,13,13,60000,104.08333333333331,361.125,8860,988
early-c,combined-premium20,20,30,5000,5,2,4000,31.416666666666668,31.416666666666668,393,160
early-c,combined-premium20,20,30,5000,6,3,6000,29.749999999999996,61.166666666666664,2759,348
early-c,combined-premium20,20,30,5000,7,4,8000,30.416666666666664,91.58333333333333,3928,532
early-c,combined-premium20,20,30,5000,8,5,10000,30,121.58333333333333,5458,608
early-c,combined-premium20,20,30,5000,9,6,20000,46.41666666666667,168,3258,684
early-c,combined-premium20,20,30,5000,10,8,20000,43.91666666666666,211.91666666666666,6520,760
early-c,combined-premium20,20,30,5000,11,9,20000,29.916666666666686,241.83333333333334,2495,836
early-c,combined-premium20,20,30,5000,12,10,20000,46.41666666666666,288.25,4459,912
early-c,combined-premium20,20,30,5000,13,13,60000,92.25,380.5,5296,988
early-c,combined-premium20,20,60,2500,5,1,4000,33.208333333333336,33.208333333333336,1281,290
early-c,combined-premium20,20,60,2500,6,1,6000,25,58.208333333333336,733,348
early-c,combined-premium20,20,60,2500,7,2,8000,18.208333333333336,76.41666666666667,2441,532
early-c,combined-premium20,20,60,2500,8,2,10000,30.83333333333333,107.25,986,608
early-c,combined-premium20,20,60,2500,9,3,20000,44.95833333333334,152.20833333333334,2621,684
early-c,combined-premium20,20,60,2500,10,4,20000,44.5,196.70833333333334,6776,760
early-c,combined-premium20,20,60,2500,11,4,20000,32.75,229.45833333333334,3151,836
early-c,combined-premium20,20,60,2500,12,5,20000,38.95833333333334,268.4166666666667,1120,912
early-c,combined-premium20,20,60,2500,13,7,60000,92.5,360.9166666666667,7981,988
early-c,combined-premium20,20,60,2500,14,8,60000,93.125,454.0416666666667,10173,1064
early-c,combined-premium20,20,60,2500,15,9,60000,76.87499999999994,530.9166666666666,5630,1140
early-c,combined-premium20,20,60,2500,16,11,60000,70.16666666666674,601.0833333333334,4451,1216
early-c,combined-premium20,20,60,2500,17,12,60000,76.29166666666663,677.375,4009,1292
early-c,combined-premium20,20,60,2500,18,13,60000,76.875,754.25,9934,1368
early-c,combined-premium20,20,60,5000,5,1,4000,35.166666666666664,35.166666666666664,658,290
early-c,combined-premium20,20,60,5000,6,2,6000,25.91666666666667,61.083333333333336,1339,348
early-c,combined-premium20,20,60,5000,7,2,8000,29.333333333333336,90.41666666666667,620,532
early-c,combined-premium20,20,60,5000,8,3,10000,31.33333333333333,121.75,3832,608
early-c,combined-premium20,20,60,5000,9,3,20000,51.58333333333334,173.33333333333334,3576,684
early-c,combined-premium20,20,60,5000,10,4,20000,41.16666666666666,214.5,964,760
early-c,combined-premium20,20,60,5000,11,5,20000,37.83333333333334,252.33333333333334,901,836
early-c,combined-premium20,20,60,5000,12,5,20000,39.91666666666666,292.25,1218,912
early-c,combined-premium20,20,60,5000,13,7,60000,88.25,380.5,3534,988
early-c,combined-premium20,20,60,5000,14,8,60000,94.16666666666669,474.6666666666667,2264,1064
early-c,combined-premium20,20,60,5000,15,10,60000,85.41666666666669,560.0833333333334,3731,1140
early-c,combined-premium20,20,60,5000,16,11,60000,80.58333333333326,640.6666666666666,4039,1216
early-c,combined-premium20,20,60,5000,17,12,60000,77.58333333333337,718.25,1526,1292
early-c,combined-premium20,20,60,5000,18,14,60000,80.16666666666663,798.4166666666666,4077,1368
early-c,combined-premium20,250,15,2500,5,3,4000,30.666666666666668,30.666666666666668,1462,290
early-c,combined-premium20,250,15,2500,6,4,6000,14.999999999999996,45.666666666666664,1468,348
early-c,combined-premium20,250,15,2500,7,5,8000,15.125,60.791666666666664,1525,532
early-c,combined-premium20,250,15,2500,8,7,10000,30.083333333333336,90.875,3490,608
early-c,combined-premium20,250,15,2500,9,10,20000,44.95833333333334,135.83333333333334,3661,684
early-c,combined-premium20,250,15,2500,10,13,20000,45.125,180.95833333333334,6081,760
early-c,combined-premium20,250,15,5000,5,3,4000,31.25,31.25,1042,160
early-c,combined-premium20,250,15,5000,6,4,6000,24.833333333333336,56.083333333333336,360,348
early-c,combined-premium20,250,15,5000,7,6,8000,20.166666666666664,76.25,2932,532
early-c,combined-premium20,250,15,5000,8,8,10000,30.16666666666667,106.41666666666667,4499,608
early-c,combined-premium20,250,15,5000,9,11,20000,44.999999999999986,151.41666666666666,4103,684
early-c,combined-premium20,250,15,5000,10,14,20000,45.166666666666686,196.58333333333334,5939,760
early-c,combined-premium20,250,30,2500,5,2,4000,30.708333333333332,30.708333333333332,1462,290
early-c,combined-premium20,250,30,2500,6,2,6000,25.125000000000004,55.833333333333336,2214,348
early-c,combined-premium20,250,30,2500,7,3,8000,20.541666666666664,76.375,2939,532
early-c,combined-premium20,250,30,2500,8,4,10000,30.16666666666667,106.54166666666667,4904,608
early-c,combined-premium20,250,30,2500,9,6,20000,44.374999999999986,150.91666666666666,5097,684
early-c,combined-premium20,250,30,2500,10,7,20000,45.75,196.66666666666666,7313,760
early-c,combined-premium20,250,30,2500,11,8,20000,30.25,226.91666666666666,3742,836
early-c,combined-premium20,250,30,2500,12,9,20000,30.12500000000003,257.0416666666667,1568,912
early-c,combined-premium20,250,30,2500,13,13,60000,104.08333333333331,361.125,9187,988
early-c,combined-premium20,250,30,5000,5,2,4000,31.166666666666668,31.166666666666668,1026,160
early-c,combined-premium20,250,30,5000,6,2,6000,25.499999999999996,56.666666666666664,403,348
early-c,combined-premium20,250,30,5000,7,3,8000,31.333333333333336,88,552,532
early-c,combined-premium20,250,30,5000,8,4,10000,21.16666666666667,109.16666666666667,1537,608
early-c,combined-premium20,250,30,5000,9,6,20000,42.249999999999986,151.41666666666666,745,684
early-c,combined-premium20,250,30,5000,10,7,20000,47.75,199.16666666666666,1988,760
early-c,combined-premium20,250,30,5000,11,9,20000,42.83333333333334,242,5955,836
early-c,combined-premium20,250,30,5000,12,10,20000,29.916666666666686,271.9166666666667,3418,912
early-c,combined-premium20,250,30,5000,13,13,60000,106.5,378.4166666666667,4531,988
early-c,combined-premium20,250,60,2500,5,1,4000,31.25,31.25,405,290
early-c,combined-premium20,250,60,2500,6,1,6000,25.083333333333336,56.333333333333336,362,348
early-c,combined-premium20,250,60,2500,7,2,8000,20.083333333333336,76.41666666666667,3278,532
early-c,combined-premium20,250,60,2500,8,2,10000,30.83333333333333,107.25,1823,608
early-c,combined-premium20,250,60,2500,9,3,20000,44.95833333333334,152.20833333333334,3458,684
early-c,combined-premium20,250,60,2500,10,4,20000,42,194.20833333333334,874,760
early-c,combined-premium20,250,60,2500,11,4,20000,34.66666666666666,228.875,3853,836
early-c,combined-premium20,250,60,2500,12,5,20000,28.166666666666686,257.0416666666667,2612,912
early-c,combined-premium20,250,60,2500,13,7,60000,104.08333333333331,361.125,9899,988
early-c,combined-premium20,250,60,2500,14,8,60000,76.125,437.25,1335,1064
early-c,combined-premium20,250,60,2500,15,9,60000,93.04166666666663,530.2916666666666,4601,1140
early-c,combined-premium20,250,60,2500,16,11,60000,70.95833333333337,601.25,6697,1216
early-c,combined-premium20,250,60,2500,17,12,60000,76.79166666666663,678.0416666666666,9670,1292
early-c,combined-premium20,250,60,2500,18,13,60000,60.29166666666674,738.3333333333334,2792,1368
early-c,combined-premium20,250,60,5000,5,1,4000,34.75,34.75,162,160
early-c,combined-premium20,250,60,5000,6,2,6000,26.75,61.5,2434,348
early-c,combined-premium20,250,60,5000,7,2,8000,30.25,91.75,3456,532
early-c,combined-premium20,250,60,5000,8,3,10000,30,121.75,5023,608
early-c,combined-premium20,250,60,5000,9,3,20000,50.41666666666666,172.16666666666666,743,684
early-c,combined-premium20,250,60,5000,10,4,20000,41.58333333333334,213.75,1316,760
early-c,combined-premium20,250,60,5000,11,5,20000,28.166666666666657,241.91666666666666,2079,836
early-c,combined-premium20,250,60,5000,12,5,20000,49.83333333333334,291.75,1077,912
early-c,combined-premium20,250,60,5000,13,7,60000,88.83333333333331,380.5833333333333,4809,988
early-c,combined-premium20,250,60,5000,14,8,60000,94.83333333333337,475.4166666666667,4581,1064
early-c,combined-premium20,250,60,5000,15,10,60000,84.58333333333331,560,9067,1140
early-c,combined-premium20,250,60,5000,16,11,60000,80.33333333333337,640.3333333333334,5950,1216
early-c,combined-premium20,250,60,5000,17,12,60000,77.91666666666663,718.25,5001,1292
early-c,combined-premium20,250,60,5000,18,14,60000,64,782.25,4338,1368
early-c,all-animals,20,15,2500,5,3,4000,31.333333333333332,31.333333333333332,585,290
early-c,all-animals,20,15,2500,6,4,6000,14.958333333333332,46.291666666666664,1097,456
early-c,all-animals,20,15,2500,7,5,8000,23.583333333333336,69.875,679,532
early-c,all-animals,20,15,2500,8,7,10000,21.625,91.5,4307,608
early-c,all-animals,20,15,2500,9,9,20000,40.375,131.875,797,684
early-c,all-animals,20,15,2500,10,12,20000,34.5,166.375,5754,760
early-c,all-animals,20,15,2500,11,14,20000,30.083333333333343,196.45833333333334,4396,836
early-c,all-animals,20,15,5000,5,3,4000,40.083333333333336,40.083333333333336,1321,290
early-c,all-animals,20,15,5000,6,5,6000,22.416666666666664,62.5,3347,456
early-c,all-animals,20,15,5000,7,6,8000,15.25,77.75,1177,532
early-c,all-animals,20,15,5000,8,8,10000,30.16666666666667,107.91666666666667,4325,608
early-c,all-animals,20,15,5000,9,11,20000,45.08333333333333,153,6279,684
early-c,all-animals,20,15,5000,10,13,20000,30.083333333333343,183.08333333333334,2403,760
early-c,all-animals,20,30,2500,5,2,4000,31.125,31.125,790,290
early-c,all-animals,20,30,2500,6,2,6000,25.375,56.5,2283,456
early-c,all-animals,20,30,2500,7,3,8000,15.25,71.75,794,532
early-c,all-animals,20,30,2500,8,4,10000,19.75,91.5,3582,608
early-c,all-animals,20,30,2500,9,5,20000,45.79166666666666,137.29166666666666,6240,684
early-c,all-animals,20,30,2500,10,6,20000,30.125,167.41666666666666,2941,760
early-c,all-animals,20,30,2500,11,7,20000,30.291666666666686,197.70833333333334,1205,836
early-c,all-animals,20,30,2500,12,8,20000,37.125,234.83333333333334,1124,912
early-c,all-animals,20,30,2500,13,11,60000,83.12499999999997,317.9583333333333,4155,988
early-c,all-animals,20,30,2500,14,14,60000,84.20833333333337,402.1666666666667,1201,1064
early-c,all-animals,20,30,5000,5,2,4000,44.083333333333336,44.083333333333336,610,290
early-c,all-animals,20,30,5000,6,3,6000,18.166666666666664,62.25,1840,456
early-c,all-animals,20,30,5000,7,3,8000,26.75,89,620,532
early-c,all-animals,20,30,5000,8,4,10000,20.5,109.5,1707,608
early-c,all-animals,20,30,5000,9,6,20000,43.41666666666666,152.91666666666666,3442,684
early-c,all-animals,20,30,5000,10,7,20000,46,198.91666666666666,3845,760
early-c,all-animals,20,30,5000,11,8,20000,30.333333333333343,229.25,1017,836
early-c,all-animals,20,30,5000,12,9,20000,33,262.25,3499,912
early-c,all-animals,20,30,5000,13,12,60000,90.08333333333331,352.3333333333333,3462,988
early-c,all-animals,20,60,2500,5,1,4000,38.625,38.625,770,290
early-c,all-animals,20,60,2500,6,1,6000,18.625,57.25,1089,456
early-c,all-animals,20,60,2500,7,2,8000,19.75,77,4153,532
early-c,all-animals,20,60,2500,8,2,10000,16.375,93.375,795,608
early-c,all-animals,20,60,2500,9,3,20000,43.70833333333334,137.08333333333334,2539,684
early-c,all-animals,20,60,2500,10,3,20000,38.958333333333314,176.04166666666666,923,760
early-c,all-animals,20,60,2500,11,4,20000,37.791666666666686,213.83333333333334,7352,836
early-c,all-animals,20,60,2500,12,5,20000,27.75,241.58333333333334,6937,912
early-c,all-animals,20,60,2500,13,6,60000,92.45833333333334,334.0416666666667,7589,988
early-c,all-animals,20,60,2500,14,7,60000,77.33333333333331,411.375,6665,1064
early-c,all-animals,20,60,2500,15,9,60000,70.375,481.75,6467,1140
early-c,all-animals,20,60,2500,16,10,60000,76.45833333333337,558.2083333333334,8584,1216
early-c,all-animals,20,60,2500,17,11,60000,60.375,618.5833333333334,4229,1292
early-c,all-animals,20,60,2500,18,12,60000,68.58333333333326,687.1666666666666,1372,1368
early-c,all-animals,20,60,2500,19,14,120000,124.375,811.5416666666666,1646,1444
early-c,all-animals,20,60,5000,5,1,4000,41,41,323,290
early-c,all-animals,20,60,5000,6,2,6000,21.333333333333336,62.333333333333336,1927,456
early-c,all-animals,20,60,5000,7,2,8000,27.583333333333336,89.91666666666667,761,532
early-c,all-animals,20,60,5000,8,2,10000,25.08333333333333,115,2610,608
early-c,all-animals,20,60,5000,9,3,20000,41.5,156.5,1836,684
early-c,all-animals,20,60,5000,10,4,20000,40.66666666666666,197.16666666666666,931,760
early-c,all-animals,20,60,5000,11,4,20000,37,234.16666666666666,2179,836
early-c,all-animals,20,60,5000,12,5,20000,29.25000000000003,263.4166666666667,4113,912
early-c,all-animals,20,60,5000,13,6,60000,95.33333333333331,358.75,2809,988
early-c,all-animals,20,60,5000,14,8,60000,96.91666666666669,455.6666666666667,2414,1064
early-c,all-animals,20,60,5000,15,10,60000,87.08333333333331,542.75,9481,1140
early-c,all-animals,20,60,5000,16,11,60000,79.41666666666663,622.1666666666666,2237,1216
early-c,all-animals,20,60,5000,17,12,60000,82.75,704.9166666666666,2638,1292
early-c,all-animals,20,60,5000,18,14,60000,78.08333333333337,783,12041,1368
early-c,all-animals,250,15,2500,5,3,4000,31.375,31.375,1213,290
early-c,all-animals,250,15,2500,6,4,6000,14.875,46.25,1783,456
early-c,all-animals,250,15,2500,7,5,8000,21.625,67.875,562,532
early-c,all-animals,250,15,2500,8,7,10000,23.625,91.5,4373,608
early-c,all-animals,250,15,2500,9,9,20000,40.375,131.875,863,684
early-c,all-animals,250,15,2500,10,12,20000,34.5,166.375,5820,760
early-c,all-animals,250,15,2500,11,14,20000,30.083333333333343,196.45833333333334,4462,836
early-c,all-animals,250,15,5000,5,3,4000,36.833333333333336,36.833333333333336,422,290
early-c,all-animals,250,15,5000,6,5,6000,25.666666666666664,62.5,2779,456
early-c,all-animals,250,15,5000,7,6,8000,15.25,77.75,609,532
early-c,all-animals,250,15,5000,8,8,10000,30.16666666666667,107.91666666666667,3664,608
early-c,all-animals,250,15,5000,9,11,20000,45.08333333333333,153,5618,684
early-c,all-animals,250,15,5000,10,13,20000,30.083333333333343,183.08333333333334,1742,760
early-c,all-animals,250,30,2500,5,2,4000,31.333333333333332,31.333333333333332,794,290
early-c,all-animals,250,30,2500,6,2,6000,26.041666666666668,57.375,3111,456
early-c,all-animals,250,30,2500,7,3,8000,14.375,71.75,798,532
early-c,all-animals,250,30,2500,8,4,10000,19.75,91.5,3586,608
early-c,all-animals,250,30,2500,9,5,20000,45.79166666666666,137.29166666666666,6244,684
early-c,all-animals,250,30,2500,10,6,20000,30.125,167.41666666666666,2945,760
early-c,all-animals,250,30,2500,11,7,20000,30.291666666666686,197.70833333333334,1209,836
early-c,all-animals,250,30,2500,12,8,20000,37.125,234.83333333333334,1128,912
early-c,all-animals,250,30,2500,13,11,60000,83.12499999999997,317.9583333333333,4159,988
early-c,all-animals,250,30,2500,14,14,60000,84.20833333333337,402.1666666666667,1205,1064
early-c,all-animals,250,30,5000,5,2,4000,39.916666666666664,39.916666666666664,472,290
early-c,all-animals,250,30,5000,6,3,6000,22.75,62.666666666666664,2354,456
early-c,all-animals,250,30,5000,7,3,8000,24.416666666666664,87.08333333333333,885,532
early-c,all-animals,250,30,5000,8,4,10000,23.583333333333343,110.66666666666667,2897,608
early-c,all-animals,250,30,5000,9,6,20000,41.999999999999986,152.66666666666666,4550,684
early-c,all-animals,250,30,5000,10,7,20000,39.5,192.16666666666666,830,760
early-c,all-animals,250,30,5000,11,8,20000,36.666666666666686,228.83333333333334,2201,836
early-c,all-animals,250,30,5000,12,9,20000,33.41666666666666,262.25,5351,912
early-c,all-animals,250,30,5000,13,12,60000,90.08333333333331,352.3333333333333,5314,988
early-c,all-animals,250,60,2500,5,1,4000,33.583333333333336,33.583333333333336,504,290
early-c,all-animals,250,60,2500,6,1,6000,22.5,56.083333333333336,507,456
early-c,all-animals,250,60,2500,7,2,8000,15.708333333333336,71.79166666666667,770,532
early-c,all-animals,250,60,2500,8,2,10000,21.041666666666657,92.83333333333333,2385,608
early-c,all-animals,250,60,2500,9,3,20000,44.45833333333333,137.29166666666666,5794,684
early-c,all-animals,250,60,2500,10,3,20000,32.916666666666686,170.20833333333334,2563,760
early-c,all-animals,250,60,2500,11,4,20000,32.66666666666666,202.875,843,836
early-c,all-animals,250,60,2500,12,4,20000,35.41666666666666,238.29166666666666,962,912
early-c,all-animals,250,60,2500,13,6,60000,79.45833333333334,317.75,2139,988
early-c,all-animals,250,60,2500,14,7,60000,90.54166666666669,408.2916666666667,1111,1064
early-c,all-animals,250,60,2500,15,9,60000,73.45833333333331,481.75,10880,1140
early-c,all-animals,250,60,2500,16,10,60000,60.04166666666663,541.7916666666666,1853,1216
early-c,all-animals,250,60,2500,17,11,60000,76.45833333333337,618.25,6570,1292
early-c,all-animals,250,60,2500,18,12,60000,60.41666666666663,678.6666666666666,5152,1368
early-c,all-animals,250,60,2500,19,14,120000,119.79166666666674,798.4583333333334,3143,1444
early-c,all-animals,250,60,5000,5,1,4000,46.25,46.25,1776,290
early-c,all-animals,250,60,5000,6,2,6000,15.916666666666664,62.166666666666664,1008,456
early-c,all-animals,250,60,5000,7,2,8000,33.833333333333336,96,4958,532
early-c,all-animals,250,60,5000,8,2,10000,19.83333333333333,115.83333333333333,1958,608
early-c,all-animals,250,60,5000,9,3,20000,40.66666666666667,156.5,823,684
early-c,all-animals,250,60,5000,10,4,20000,42.08333333333334,198.58333333333334,2417,760
early-c,all-animals,250,60,5000,11,4,20000,40.5,239.08333333333334,5283,836
early-c,all-animals,250,60,5000,12,5,20000,31.333333333333343,270.4166666666667,944,912
early-c,all-animals,250,60,5000,13,7,60000,92.75,363.1666666666667,6702,988
early-c,all-animals,250,60,5000,14,8,60000,96.5,459.6666666666667,1599,1064
early-c,all-animals,250,60,5000,15,10,60000,83.24999999999994,542.9166666666666,7034,1140
early-c,all-animals,250,60,5000,16,11,60000,81.75,624.6666666666666,2662,1216
early-c,all-animals,250,60,5000,17,12,60000,80.25,704.9166666666666,1526,1292
early-c,all-animals,250,60,5000,18,14,60000,78.08333333333337,783,10929,1368
